family,modality,metric,state_a,condition_a,state_b,condition_b,task,denominator,sum_a,sum_b,mean_a,mean_b,mean_gap,a_only_better,b_only_better,equal,ci95_low,ci95_high,bootstrap_samples,seed
endpoint_minus_frozen,preference,paired_preference,lora-step100,vision,frozen-base,vision,overall,1200,296.0,269.0,0.24666666666666667,0.22416666666666665,0.0225,139,112,949,-0.0033333333333333335,0.049166666666666664,2000,20260818
endpoint_minus_frozen,preference,sample_preference,lora-step100,vision,frozen-base,vision,overall,1200,726.5,727.0,0.6054166666666667,0.6058333333333333,-0.0004166666666666667,144,145,911,-0.014583333333333334,0.012916666666666667,2000,20260819
endpoint_minus_frozen,preference,mean_margin,lora-step100,vision,frozen-base,vision,overall,1200,1654.1080628276227,1144.4697406688972,1.3784233856896855,0.9537247838907477,0.4246986017989379,931,240,29,0.3719227841817109,0.4744404060985774,2000,20260820
endpoint_minus_frozen,preference,paired_preference,lora-step100,vision,frozen-base,vision,color,200,66.0,46.0,0.33,0.23,0.1,39,19,142,0.03,0.175,2000,20260821
endpoint_minus_frozen,preference,sample_preference,lora-step100,vision,frozen-base,vision,color,200,133.0,123.0,0.665,0.615,0.05,39,19,142,0.0125,0.0875,2000,20260822
endpoint_minus_frozen,preference,mean_margin,lora-step100,vision,frozen-base,vision,color,200,201.18749549984932,126.78125369548798,1.0059374774992467,0.6339062684774399,0.3720312090218067,188,12,0,0.31828121438622475,0.4271874515712261,2000,20260823
endpoint_minus_frozen,preference,paired_preference,lora-step100,vision,frozen-base,vision,coordinate,200,19.0,11.0,0.095,0.055,0.04,16,8,176,-0.005,0.09,2000,20260824
endpoint_minus_frozen,preference,sample_preference,lora-step100,vision,frozen-base,vision,coordinate,200,109.5,105.5,0.5475,0.5275,0.02,16,8,176,-0.0025,0.045,2000,20260825
endpoint_minus_frozen,preference,mean_margin,lora-step100,vision,frozen-base,vision,coordinate,200,20.149036824703217,13.514987170696259,0.10074518412351609,0.06757493585348129,0.03317024827003479,103,75,22,0.01953104317188263,0.047332511842250825,2000,20260826
endpoint_minus_frozen,preference,paired_preference,lora-step100,vision,frozen-base,vision,count,200,0.0,23.0,0.0,0.115,-0.115,0,23,177,-0.16,-0.07,2000,20260827
endpoint_minus_frozen,preference,sample_preference,lora-step100,vision,frozen-base,vision,count,200,78.5,104.0,0.3925,0.52,-0.1275,5,56,139,-0.16,-0.0925,2000,20260828
endpoint_minus_frozen,preference,mean_margin,lora-step100,vision,frozen-base,vision,count,200,-37.12500040233135,7.2187501192092896,-0.18562500201165677,0.03609375059604645,-0.2217187526077032,80,114,6,-0.2996874997019768,-0.14390625461935996,2000,20260829
endpoint_minus_frozen,preference,paired_preference,lora-step100,vision,frozen-base,vision,ocr,200,35.0,27.0,0.175,0.135,0.04,14,6,180,-0.005,0.085,2000,20260830
endpoint_minus_frozen,preference,sample_preference,lora-step100,vision,frozen-base,vision,ocr,200,117.5,113.5,0.5875,0.5675,0.02,14,6,180,0.0,0.0425,2000,20260831
endpoint_minus_frozen,preference,mean_margin,lora-step100,vision,frozen-base,vision,ocr,200,120.54349749315354,81.32784403732845,0.6027174874657677,0.4066392201866422,0.19607826727912542,160,39,1,0.16534126415139155,0.22852199989841096,2000,20260832
endpoint_minus_frozen,preference,paired_preference,lora-step100,vision,frozen-base,vision,shape,200,176.0,112.0,0.88,0.56,0.32,70,6,124,0.25,0.395,2000,20260833
endpoint_minus_frozen,preference,sample_preference,lora-step100,vision,frozen-base,vision,shape,200,188.0,156.0,0.94,0.78,0.16,70,6,124,0.12,0.1975,2000,20260834
endpoint_minus_frozen,preference,mean_margin,lora-step100,vision,frozen-base,vision,shape,200,1274.171876853332,887.484380017966,6.37085938426666,4.43742190008983,1.9334374841768294,200,0,0,1.8030468566017226,2.0636718400754033,2000,20260835
endpoint_minus_frozen,preference,paired_preference,lora-step100,vision,frozen-base,vision,spatial,200,0.0,50.0,0.0,0.25,-0.25,0,50,150,-0.31,-0.19,2000,20260836
endpoint_minus_frozen,preference,sample_preference,lora-step100,vision,frozen-base,vision,spatial,200,100.0,125.0,0.5,0.625,-0.125,0,50,150,-0.155,-0.095,2000,20260837
endpoint_minus_frozen,preference,mean_margin,lora-step100,vision,frozen-base,vision,spatial,200,75.18115655891597,28.142525628209114,0.37590578279457987,0.14071262814104557,0.2351931546535343,200,0,0,0.19192213468719274,0.28348676530178635,2000,20260838
endpoint_minus_frozen,preference,paired_preference,projector-step100,vision,frozen-base,vision,overall,1200,613.0,269.0,0.5108333333333334,0.22416666666666665,0.2866666666666667,399,55,746,0.2575,0.31833333333333336,2000,20260839
endpoint_minus_frozen,preference,sample_preference,projector-step100,vision,frozen-base,vision,overall,1200,899.0,727.0,0.7491666666666666,0.6058333333333333,0.14333333333333334,411,68,721,0.12708333333333333,0.15875,2000,20260840
endpoint_minus_frozen,preference,mean_margin,projector-step100,vision,frozen-base,vision,overall,1200,2985.8259563141773,1144.4697406688972,2.488188296928481,0.9537247838907477,1.5344635130377335,1035,160,5,1.4291125566977119,1.6395029314669292,2000,20260841
endpoint_minus_frozen,preference,paired_preference,projector-step100,vision,frozen-base,vision,color,200,147.0,46.0,0.735,0.23,0.505,102,1,97,0.43,0.575,2000,20260842
endpoint_minus_frozen,preference,sample_preference,projector-step100,vision,frozen-base,vision,color,200,173.5,123.0,0.8675,0.615,0.2525,102,1,97,0.2175,0.29,2000,20260843
endpoint_minus_frozen,preference,mean_margin,projector-step100,vision,frozen-base,vision,color,200,735.000001892331,126.78125369548798,3.6750000094616553,0.6339062684774399,3.0410937409842154,200,0,0,2.8076562437351096,3.2596874793141613,2000,20260844
endpoint_minus_frozen,preference,paired_preference,projector-step100,vision,frozen-base,vision,coordinate,200,115.0,11.0,0.575,0.055,0.52,104,0,96,0.45,0.585,2000,20260845
endpoint_minus_frozen,preference,sample_preference,projector-step100,vision,frozen-base,vision,coordinate,200,157.5,105.5,0.7875,0.5275,0.26,104,0,96,0.2275,0.295,2000,20260846
endpoint_minus_frozen,preference,mean_margin,projector-step100,vision,frozen-base,vision,coordinate,200,297.3686847835779,13.514987170696259,1.4868434239178896,0.06757493585348129,1.4192684880644082,200,0,0,1.2980376490205527,1.540934540554881,2000,20260847
endpoint_minus_frozen,preference,paired_preference,projector-step100,vision,frozen-base,vision,count,200,20.0,23.0,0.1,0.115,-0.015,15,18,167,-0.07,0.04,2000,20260848
endpoint_minus_frozen,preference,sample_preference,projector-step100,vision,frozen-base,vision,count,200,103.0,104.0,0.515,0.52,-0.005,27,30,143,-0.0425,0.0325,2000,20260849
endpoint_minus_frozen,preference,mean_margin,projector-step100,vision,frozen-base,vision,count,200,62.37500088661909,7.2187501192092896,0.31187500443309546,0.03609375059604645,0.275781253837049,157,38,5,0.2160937523841858,0.33281250573694704,2000,20260850
endpoint_minus_frozen,preference,paired_preference,projector-step100,vision,frozen-base,vision,ocr,200,44.0,27.0,0.22,0.135,0.085,20,3,177,0.04,0.13,2000,20260851
endpoint_minus_frozen,preference,sample_preference,projector-step100,vision,frozen-base,vision,ocr,200,121.5,113.5,0.6075,0.5675,0.04,20,4,176,0.0175,0.0625,2000,20260852
endpoint_minus_frozen,preference,mean_margin,projector-step100,vision,frozen-base,vision,ocr,200,133.9524838368098,81.32784403732845,0.669762419184049,0.4066392201866422,0.2631231989974067,163,37,0,0.22619098259721482,0.3025893545150756,2000,20260853
endpoint_minus_frozen,preference,paired_preference,projector-step100,vision,frozen-base,vision,shape,200,87.0,112.0,0.435,0.56,-0.125,8,33,159,-0.18,-0.065,2000,20260854
endpoint_minus_frozen,preference,sample_preference,projector-step100,vision,frozen-base,vision,shape,200,143.5,156.0,0.7175,0.78,-0.0625,8,33,159,-0.0925,-0.0325,2000,20260855
endpoint_minus_frozen,preference,mean_margin,projector-step100,vision,frozen-base,vision,shape,200,965.7343833487248,887.484380017966,4.828671916743624,4.43742190008983,0.3912500166537939,115,85,0,0.16835940607008523,0.6149219250661554,2000,20260856
endpoint_minus_frozen,preference,paired_preference,projector-step100,vision,frozen-base,vision,spatial,200,200.0,50.0,1.0,0.25,0.75,150,0,50,0.685,0.805,2000,20260857
endpoint_minus_frozen,preference,sample_preference,projector-step100,vision,frozen-base,vision,spatial,200,200.0,125.0,1.0,0.625,0.375,150,0,50,0.3425,0.4025,2000,20260858
endpoint_minus_frozen,preference,mean_margin,projector-step100,vision,frozen-base,vision,spatial,200,791.3954015661147,28.142525628209114,3.9569770078305737,0.14071262814104557,3.816264379689528,200,0,0,3.636576898416097,3.991512930857425,2000,20260859
lora_minus_projector,preference,paired_preference,lora-step100,vision,projector-step100,vision,overall,1200,296.0,613.0,0.24666666666666667,0.5108333333333334,-0.26416666666666666,101,418,681,-0.2966666666666667,-0.23,2000,20260860
lora_minus_projector,preference,sample_preference,lora-step100,vision,projector-step100,vision,overall,1200,726.5,899.0,0.6054166666666667,0.7491666666666666,-0.14375,105,444,651,-0.16125,-0.12583333333333332,2000,20260861
lora_minus_projector,preference,mean_margin,lora-step100,vision,projector-step100,vision,overall,1200,1654.1080628276227,2985.8259563141773,1.3784233856896855,2.488188296928481,-1.1097649112387957,220,975,5,-1.2231684162686483,-0.9947519373530311,2000,20260862
lora_minus_projector,preference,paired_preference,lora-step100,vision,projector-step100,vision,color,200,66.0,147.0,0.33,0.735,-0.405,3,84,113,-0.475,-0.33,2000,20260863
lora_minus_projector,preference,sample_preference,lora-step100,vision,projector-step100,vision,color,200,133.0,173.5,0.665,0.8675,-0.2025,3,84,113,-0.2375,-0.1675,2000,20260864
lora_minus_projector,preference,mean_margin,lora-step100,vision,projector-step100,vision,color,200,201.18749549984932,735.000001892331,1.0059374774992467,3.6750000094616553,-2.6690625319624086,0,200,0,-2.8754687795310745,-2.476562537960126,2000,20260865
lora_minus_projector,preference,paired_preference,lora-step100,vision,projector-step100,vision,coordinate,200,19.0,115.0,0.095,0.575,-0.48,4,100,96,-0.555,-0.4,2000,20260866
lora_minus_projector,preference,sample_preference,lora-step100,vision,projector-step100,vision,coordinate,200,109.5,157.5,0.5475,0.7875,-0.24,4,100,96,-0.28,-0.205,2000,20260867
lora_minus_projector,preference,mean_margin,lora-step100,vision,projector-step100,vision,coordinate,200,20.149036824703217,297.3686847835779,0.10074518412351609,1.4868434239178896,-1.3860982397943735,0,200,0,-1.5062346008419991,-1.2691729559004308,2000,20260868
lora_minus_projector,preference,paired_preference,lora-step100,vision,projector-step100,vision,count,200,0.0,20.0,0.0,0.1,-0.1,0,20,180,-0.145,-0.06,2000,20260869
lora_minus_projector,preference,sample_preference,lora-step100,vision,projector-step100,vision,count,200,78.5,103.0,0.3925,0.515,-0.1225,3,46,151,-0.16,-0.0875,2000,20260870
lora_minus_projector,preference,mean_margin,lora-step100,vision,projector-step100,vision,count,200,-37.12500040233135,62.37500088661909,-0.18562500201165677,0.31187500443309546,-0.49750000644475223,10,185,5,-0.5681250066310167,-0.43046875204890966,2000,20260871
lora_minus_projector,preference,paired_preference,lora-step100,vision,projector-step100,vision,ocr,200,35.0,44.0,0.175,0.22,-0.045,5,14,181,-0.09,-0.005,2000,20260872
lora_minus_projector,preference,sample_preference,lora-step100,vision,projector-step100,vision,ocr,200,117.5,121.5,0.5875,0.6075,-0.02,6,14,180,-0.0425,0.0,2000,20260873
lora_minus_projector,preference,mean_margin,lora-step100,vision,projector-step100,vision,ocr,200,120.54349749315354,133.9524838368098,0.6027174874657677,0.669762419184049,-0.06704493171828131,56,144,0,-0.08973894450778051,-0.044664471024558595,2000,20260874
lora_minus_projector,preference,paired_preference,lora-step100,vision,projector-step100,vision,shape,200,176.0,87.0,0.88,0.435,0.445,89,0,111,0.375,0.51,2000,20260875
lora_minus_projector,preference,sample_preference,lora-step100,vision,projector-step100,vision,shape,200,188.0,143.5,0.94,0.7175,0.2225,89,0,111,0.1875,0.2575,2000,20260876
lora_minus_projector,preference,mean_margin,lora-step100,vision,projector-step100,vision,shape,200,1274.171876853332,965.7343833487248,6.37085938426666,4.828671916743624,1.5421874675230356,154,46,0,1.298593699837802,1.8003124640369788,2000,20260877
lora_minus_projector,preference,paired_preference,lora-step100,vision,projector-step100,vision,spatial,200,0.0,200.0,0.0,1.0,-1.0,0,200,0,-1.0,-1.0,2000,20260878
lora_minus_projector,preference,sample_preference,lora-step100,vision,projector-step100,vision,spatial,200,100.0,200.0,0.5,1.0,-0.5,0,200,0,-0.5,-0.5,2000,20260879
lora_minus_projector,preference,mean_margin,lora-step100,vision,projector-step100,vision,spatial,200,75.18115655891597,791.3954015661147,0.37590578279457987,3.9569770078305737,-3.581071225035994,0,200,0,-3.7652950386532757,-3.4034205548012686,2000,20260880
vision_minus_shuffle,preference,paired_preference,frozen-base,vision,frozen-base,shuffled_image,overall,1200,269.0,72.0,0.22416666666666665,0.06,0.16416666666666666,231,34,935,0.13833333333333334,0.18833333333333332,2000,20260881
vision_minus_shuffle,preference,sample_preference,frozen-base,vision,frozen-base,shuffled_image,overall,1200,727.0,542.5,0.6058333333333333,0.45208333333333334,0.15375,302,46,852,0.13375,0.17375,2000,20260882
vision_minus_shuffle,preference,mean_margin,frozen-base,vision,frozen-base,shuffled_image,overall,1200,1144.4697406688972,-95.49083716691959,0.9537247838907477,-0.07957569763909966,1.0333004815298474,913,264,23,0.9083959502401125,1.1666339906699776,2000,20260883
vision_minus_shuffle,preference,paired_preference,frozen-base,vision,frozen-base,shuffled_image,color,200,46.0,19.0,0.23,0.095,0.135,40,13,147,0.07,0.205,2000,20260884
vision_minus_shuffle,preference,sample_preference,frozen-base,vision,frozen-base,shuffled_image,color,200,123.0,91.0,0.615,0.455,0.16,66,13,121,0.11,0.2075,2000,20260885
vision_minus_shuffle,preference,mean_margin,frozen-base,vision,frozen-base,shuffled_image,color,200,126.78125369548798,-2.1249991059303284,0.6339062684774399,-0.010624995529651642,0.6445312640070915,159,34,7,0.5062499907612801,0.7915625223517417,2000,20260886
vision_minus_shuffle,preference,paired_preference,frozen-base,vision,frozen-base,shuffled_image,coordinate,200,11.0,0.0,0.055,0.0,0.055,11,0,189,0.025,0.09,2000,20260887
vision_minus_shuffle,preference,sample_preference,frozen-base,vision,frozen-base,shuffled_image,coordinate,200,105.5,97.5,0.5275,0.4875,0.04,13,0,187,0.02,0.0625,2000,20260888
vision_minus_shuffle,preference,mean_margin,frozen-base,vision,frozen-base,shuffled_image,coordinate,200,13.514987170696259,0.48159104585647583,0.06757493585348129,0.0024079552292823794,0.06516698062419891,152,44,4,0.05045845478773117,0.078900765478611,2000,20260889
vision_minus_shuffle,preference,paired_preference,frozen-base,vision,frozen-base,shuffled_image,count,200,23.0,12.0,0.115,0.06,0.055,19,8,173,0.005,0.105,2000,20260890
vision_minus_shuffle,preference,sample_preference,frozen-base,vision,frozen-base,shuffled_image,count,200,104.0,87.0,0.52,0.435,0.085,47,20,133,0.04,0.1275,2000,20260891
vision_minus_shuffle,preference,mean_margin,frozen-base,vision,frozen-base,shuffled_image,count,200,7.2187501192092896,-1.9687500894069672,0.03609375059604645,-0.009843750447034836,0.04593750104308128,117,71,12,0.02453125551342964,0.06687500283122062,2000,20260892
vision_minus_shuffle,preference,paired_preference,frozen-base,vision,frozen-base,shuffled_image,ocr,200,27.0,10.0,0.135,0.05,0.085,22,5,173,0.04,0.135,2000,20260893
vision_minus_shuffle,preference,sample_preference,frozen-base,vision,frozen-base,shuffled_image,ocr,200,113.5,97.0,0.5675,0.485,0.0825,28,5,167,0.0475,0.1225,2000,20260894
vision_minus_shuffle,preference,mean_margin,frozen-base,vision,frozen-base,shuffled_image,ocr,200,81.32784403732845,4.722755831763857,0.4066392201866422,0.023613779158819286,0.383025441027823,150,50,0,0.29984067181178503,0.4655405305226644,2000,20260895
vision_minus_shuffle,preference,paired_preference,frozen-base,vision,frozen-base,shuffled_image,shape,200,112.0,31.0,0.56,0.155,0.405,89,8,103,0.33,0.485,2000,20260896
vision_minus_shuffle,preference,sample_preference,frozen-base,vision,frozen-base,shuffled_image,shape,200,156.0,95.0,0.78,0.475,0.305,98,8,94,0.25,0.36,2000,20260897
vision_minus_shuffle,preference,mean_margin,frozen-base,vision,frozen-base,shuffled_image,shape,200,887.484380017966,-73.7187527641654,4.43742190008983,-0.368593763820827,4.8060156639106575,185,15,0,4.2917968904227015,5.328984434399754,2000,20260898
vision_minus_shuffle,preference,paired_preference,frozen-base,vision,frozen-base,shuffled_image,spatial,200,50.0,0.0,0.25,0.0,0.25,50,0,150,0.195,0.31,2000,20260899
vision_minus_shuffle,preference,sample_preference,frozen-base,vision,frozen-base,shuffled_image,spatial,200,125.0,75.0,0.625,0.375,0.25,50,0,150,0.19,0.315,2000,20260900
vision_minus_shuffle,preference,mean_margin,frozen-base,vision,frozen-base,shuffled_image,spatial,200,28.142525628209114,-22.88268208503723,0.14071262814104557,-0.11441341042518616,0.2551260385662317,150,50,0,0.2229237252101302,0.2874259369075298,2000,20260901
vision_minus_shuffle,preference,paired_preference,lora-step100,vision,lora-step100,shuffled_image,overall,1200,296.0,91.0,0.24666666666666667,0.07583333333333334,0.17083333333333334,238,33,929,0.145,0.1975,2000,20260902
vision_minus_shuffle,preference,sample_preference,lora-step100,vision,lora-step100,shuffled_image,overall,1200,726.5,579.5,0.6054166666666667,0.48291666666666666,0.1225,288,62,850,0.10333333333333333,0.14,2000,20260903
vision_minus_shuffle,preference,mean_margin,lora-step100,vision,lora-step100,shuffled_image,overall,1200,1654.1080628276227,-181.89675626038974,1.3784233856896855,-0.15158063021699145,1.5300040159066768,882,262,56,1.3467136056054945,1.7300927562919548,2000,20260904
vision_minus_shuffle,preference,paired_preference,lora-step100,vision,lora-step100,shuffled_image,color,200,66.0,19.0,0.33,0.095,0.235,55,8,137,0.17,0.305,2000,20260905
vision_minus_shuffle,preference,sample_preference,lora-step100,vision,lora-step100,shuffled_image,color,200,133.0,91.0,0.665,0.455,0.21,81,8,111,0.165,0.255,2000,20260906
vision_minus_shuffle,preference,mean_margin,lora-step100,vision,lora-step100,shuffled_image,color,200,201.18749549984932,-1.5000008046627045,1.0059374774992467,-0.007500004023313522,1.0134374815225602,164,32,4,0.8024999825656414,1.226874978840351,2000,20260907
vision_minus_shuffle,preference,paired_preference,lora-step100,vision,lora-step100,shuffled_image,coordinate,200,19.0,7.0,0.095,0.035,0.06,15,3,182,0.02,0.1,2000,20260908
vision_minus_shuffle,preference,sample_preference,lora-step100,vision,lora-step100,shuffled_image,coordinate,200,109.5,100.5,0.5475,0.5025,0.045,16,3,181,0.0175,0.075,2000,20260909
vision_minus_shuffle,preference,mean_margin,lora-step100,vision,lora-step100,shuffled_image,coordinate,200,20.149036824703217,-0.052971601486206055,0.10074518412351609,-0.00026485800743103027,0.10101004213094711,146,52,2,0.07425114601850509,0.12745879977941513,2000,20260910
vision_minus_shuffle,preference,paired_preference,lora-step100,vision,lora-step100,shuffled_image,count,200,0.0,19.0,0.0,0.095,-0.095,0,19,181,-0.14,-0.055,2000,20260911
vision_minus_shuffle,preference,sample_preference,lora-step100,vision,lora-step100,shuffled_image,count,200,78.5,95.0,0.3925,0.475,-0.0825,19,48,133,-0.1275,-0.04,2000,20260912
vision_minus_shuffle,preference,mean_margin,lora-step100,vision,lora-step100,shuffled_image,count,200,-37.12500040233135,-8.999999284744263,-0.18562500201165677,-0.044999996423721315,-0.14062500558793545,89,111,0,-0.2534375077486038,-0.029687500447034835,2000,20260913
vision_minus_shuffle,preference,paired_preference,lora-step100,vision,lora-step100,shuffled_image,ocr,200,35.0,12.0,0.175,0.06,0.115,26,3,171,0.065,0.165,2000,20260914
vision_minus_shuffle,preference,sample_preference,lora-step100,vision,lora-step100,shuffled_image,ocr,200,117.5,98.5,0.5875,0.4925,0.095,30,3,167,0.06,0.135,2000,20260915
vision_minus_shuffle,preference,mean_margin,lora-step100,vision,lora-step100,shuffled_image,ocr,200,120.54349749315354,4.041389363152636,0.6027174874657677,0.02020694681576318,0.5825105406500044,146,54,0,0.46327281533536463,0.7073570311920985,2000,20260916
vision_minus_shuffle,preference,paired_preference,lora-step100,vision,lora-step100,shuffled_image,shape,200,176.0,34.0,0.88,0.17,0.71,142,0,58,0.645,0.77,2000,20260917
vision_minus_shuffle,preference,sample_preference,lora-step100,vision,lora-step100,shuffled_image,shape,200,188.0,94.5,0.94,0.4725,0.4675,142,0,58,0.42,0.5175,2000,20260918
vision_minus_shuffle,preference,mean_margin,lora-step100,vision,lora-step100,shuffled_image,shape,200,1274.171876853332,-119.07812074292451,6.37085938426666,-0.5953906037146226,6.966249987981282,187,13,0,6.2616406294563784,7.71648438884411,2000,20260919
vision_minus_shuffle,preference,paired_preference,lora-step100,vision,lora-step100,shuffled_image,spatial,200,0.0,0.0,0.0,0.0,0.0,0,0,200,0.0,0.0,2000,20260920
vision_minus_shuffle,preference,sample_preference,lora-step100,vision,lora-step100,shuffled_image,spatial,200,100.0,100.0,0.5,0.5,0.0,0,0,200,0.0,0.0,2000,20260921
vision_minus_shuffle,preference,mean_margin,lora-step100,vision,lora-step100,shuffled_image,spatial,200,75.18115655891597,-56.307053189724684,0.37590578279457987,-0.28153526594862344,0.6574410487432033,150,0,50,0.5474430367769674,0.7583330504503101,2000,20260922
vision_minus_shuffle,preference,paired_preference,projector-step100,vision,projector-step100,shuffled_image,overall,1200,613.0,151.0,0.5108333333333334,0.12583333333333332,0.385,524,62,614,0.35333333333333333,0.41833333333333333,2000,20260923
vision_minus_shuffle,preference,sample_preference,projector-step100,vision,projector-step100,shuffled_image,overall,1200,899.0,520.0,0.7491666666666666,0.43333333333333335,0.31583333333333335,587,70,543,0.29041666666666666,0.33875,2000,20260924
vision_minus_shuffle,preference,mean_margin,projector-step100,vision,projector-step100,shuffled_image,overall,1200,2985.8259563141773,-556.8745283932176,2.488188296928481,-0.46406210699434797,2.9522504039228292,1039,153,8,2.763703793282872,3.1531923590798496,2000,20260925
vision_minus_shuffle,preference,paired_preference,projector-step100,vision,projector-step100,shuffled_image,color,200,147.0,48.0,0.735,0.24,0.495,112,13,75,0.41,0.58,2000,20260926
vision_minus_shuffle,preference,sample_preference,projector-step100,vision,projector-step100,shuffled_image,color,200,173.5,98.5,0.8675,0.4925,0.375,122,13,65,0.315,0.4325,2000,20260927
vision_minus_shuffle,preference,mean_margin,projector-step100,vision,projector-step100,shuffled_image,color,200,735.000001892331,-24.468749647494406,3.6750000094616553,-0.12234374823747203,3.797343757699127,179,19,2,3.294531272621825,4.310468756359769,2000,20260928
vision_minus_shuffle,preference,paired_preference,projector-step100,vision,projector-step100,shuffled_image,coordinate,200,115.0,25.0,0.575,0.125,0.45,95,5,100,0.375,0.525,2000,20260929
vision_minus_shuffle,preference,sample_preference,projector-step100,vision,projector-step100,shuffled_image,coordinate,200,157.5,101.0,0.7875,0.505,0.2825,99,5,96,0.2325,0.33,2000,20260930
vision_minus_shuffle,preference,mean_margin,projector-step100,vision,projector-step100,shuffled_image,coordinate,200,297.3686847835779,-0.6272370219230652,1.4868434239178896,-0.003136185109615326,1.4899796090275048,179,19,2,1.3192697331309318,1.672595647946,2000,20260931
vision_minus_shuffle,preference,paired_preference,projector-step100,vision,projector-step100,shuffled_image,count,200,20.0,33.0,0.1,0.165,-0.065,19,32,149,-0.135,0.005,2000,20260932
vision_minus_shuffle,preference,sample_preference,projector-step100,vision,projector-step100,shuffled_image,count,200,103.0,93.5,0.515,0.4675,0.0475,56,40,104,-0.0025,0.1,2000,20260933
vision_minus_shuffle,preference,mean_margin,projector-step100,vision,projector-step100,shuffled_image,count,200,62.37500088661909,-11.28125012665987,0.31187500443309546,-0.05640625063329935,0.3682812550663948,135,61,4,0.26234375111758707,0.47250000230968,2000,20260934
vision_minus_shuffle,preference,paired_preference,projector-step100,vision,projector-step100,shuffled_image,ocr,200,44.0,22.0,0.22,0.11,0.11,30,8,162,0.05,0.165,2000,20260935
vision_minus_shuffle,preference,sample_preference,projector-step100,vision,projector-step100,shuffled_image,ocr,200,121.5,103.5,0.6075,0.5175,0.09,35,8,157,0.05,0.1325,2000,20260936
vision_minus_shuffle,preference,mean_margin,projector-step100,vision,projector-step100,shuffled_image,ocr,200,133.9524838368098,5.365170795576915,0.669762419184049,0.026825853977884572,0.6429365652061644,160,40,0,0.5138715644677481,0.7723754560095923,2000,20260937
vision_minus_shuffle,preference,paired_preference,projector-step100,vision,projector-step100,shuffled_image,shape,200,87.0,23.0,0.435,0.115,0.32,68,4,128,0.25,0.39,2000,20260938
vision_minus_shuffle,preference,sample_preference,projector-step100,vision,projector-step100,shuffled_image,shape,200,143.5,98.5,0.7175,0.4925,0.225,75,4,121,0.1775,0.2725,2000,20260939
vision_minus_shuffle,preference,mean_margin,projector-step100,vision,projector-step100,shuffled_image,shape,200,965.7343833487248,-63.07812585483771,4.828671916743624,-0.31539062927418854,5.144062546017812,186,14,0,4.604140656354721,5.707656289300648,2000,20260940
vision_minus_shuffle,preference,paired_preference,projector-step100,vision,projector-step100,shuffled_image,spatial,200,200.0,0.0,1.0,0.0,1.0,200,0,0,1.0,1.0,2000,20260941
vision_minus_shuffle,preference,sample_preference,projector-step100,vision,projector-step100,shuffled_image,spatial,200,200.0,25.0,1.0,0.125,0.875,200,0,0,0.845,0.905,2000,20260942
vision_minus_shuffle,preference,mean_margin,projector-step100,vision,projector-step100,shuffled_image,spatial,200,791.3954015661147,-462.7843365378794,3.9569770078305737,-2.313921682689397,6.270898690519971,200,0,0,5.879554983114067,6.668699423205689,2000,20260943
endpoint_minus_frozen,generation,generation_paired,lora-step100,vision,frozen-base,vision,overall,300,24.0,19.0,0.08,0.06333333333333334,0.016666666666666666,16,11,273,-0.02,0.05,2000,20260944
endpoint_minus_frozen,generation,generation_sample,lora-step100,vision,frozen-base,vision,overall,300,65.0,63.5,0.21666666666666667,0.21166666666666667,0.005,27,24,249,-0.018333333333333333,0.028333333333333332,2000,20260945
endpoint_minus_frozen,generation,prediction_flip,lora-step100,vision,frozen-base,vision,overall,300,169.0,111.0,0.5633333333333334,0.37,0.19333333333333333,87,29,184,0.12666666666666668,0.26,2000,20260946
endpoint_minus_frozen,generation,generation_paired,lora-step100,vision,frozen-base,vision,color,50,0.0,0.0,0.0,0.0,0.0,0,0,50,0.0,0.0,2000,20260947
endpoint_minus_frozen,generation,generation_sample,lora-step100,vision,frozen-base,vision,color,50,3.0,3.0,0.06,0.06,0.0,5,5,40,-0.07,0.06,2000,20260948
endpoint_minus_frozen,generation,prediction_flip,lora-step100,vision,frozen-base,vision,color,50,13.0,11.0,0.26,0.22,0.04,9,7,34,-0.12,0.18,2000,20260949
endpoint_minus_frozen,generation,generation_paired,lora-step100,vision,frozen-base,vision,coordinate,50,0.0,0.0,0.0,0.0,0.0,0,0,50,0.0,0.0,2000,20260950
endpoint_minus_frozen,generation,generation_sample,lora-step100,vision,frozen-base,vision,coordinate,50,0.0,0.0,0.0,0.0,0.0,0,0,50,0.0,0.0,2000,20260951
endpoint_minus_frozen,generation,prediction_flip,lora-step100,vision,frozen-base,vision,coordinate,50,29.0,0.0,0.58,0.0,0.58,29,0,21,0.44,0.72,2000,20260952
endpoint_minus_frozen,generation,generation_paired,lora-step100,vision,frozen-base,vision,count,50,0.0,0.0,0.0,0.0,0.0,0,0,50,0.0,0.0,2000,20260953
endpoint_minus_frozen,generation,generation_sample,lora-step100,vision,frozen-base,vision,count,50,0.0,4.0,0.0,0.08,-0.08,0,8,42,-0.13,-0.03,2000,20260954
endpoint_minus_frozen,generation,prediction_flip,lora-step100,vision,frozen-base,vision,count,50,38.0,15.0,0.76,0.3,0.46,24,1,25,0.32,0.6,2000,20260955
endpoint_minus_frozen,generation,generation_paired,lora-step100,vision,frozen-base,vision,ocr,50,0.0,0.0,0.0,0.0,0.0,0,0,50,0.0,0.0,2000,20260956
endpoint_minus_frozen,generation,generation_sample,lora-step100,vision,frozen-base,vision,ocr,50,0.0,0.0,0.0,0.0,0.0,0,0,50,0.0,0.0,2000,20260957
endpoint_minus_frozen,generation,prediction_flip,lora-step100,vision,frozen-base,vision,ocr,50,45.0,38.0,0.9,0.76,0.14,11,4,35,0.0,0.28,2000,20260958
endpoint_minus_frozen,generation,generation_paired,lora-step100,vision,frozen-base,vision,shape,50,24.0,8.0,0.48,0.16,0.32,16,0,34,0.2,0.46,2000,20260959
endpoint_minus_frozen,generation,generation_sample,lora-step100,vision,frozen-base,vision,shape,50,37.0,26.0,0.74,0.52,0.22,22,0,28,0.15,0.29,2000,20260960
endpoint_minus_frozen,generation,prediction_flip,lora-step100,vision,frozen-base,vision,shape,50,44.0,36.0,0.88,0.72,0.16,14,6,30,-0.02,0.32,2000,20260961
endpoint_minus_frozen,generation,generation_paired,lora-step100,vision,frozen-base,vision,spatial,50,0.0,11.0,0.0,0.22,-0.22,0,11,39,-0.34,-0.12,2000,20260962
endpoint_minus_frozen,generation,generation_sample,lora-step100,vision,frozen-base,vision,spatial,50,25.0,30.5,0.5,0.61,-0.11,0,11,39,-0.17,-0.06,2000,20260963
endpoint_minus_frozen,generation,prediction_flip,lora-step100,vision,frozen-base,vision,spatial,50,0.0,11.0,0.0,0.22,-0.22,0,11,39,-0.34,-0.12,2000,20260964
endpoint_minus_frozen,generation,generation_paired,projector-step100,vision,frozen-base,vision,overall,300,77.0,19.0,0.25666666666666665,0.06333333333333334,0.19333333333333333,60,2,238,0.14666666666666667,0.24,2000,20260965
endpoint_minus_frozen,generation,generation_sample,projector-step100,vision,frozen-base,vision,overall,300,123.0,63.5,0.41,0.21166666666666667,0.19833333333333333,112,13,175,0.16,0.23666666666666666,2000,20260966
endpoint_minus_frozen,generation,prediction_flip,projector-step100,vision,frozen-base,vision,overall,300,239.0,111.0,0.7966666666666666,0.37,0.4266666666666667,147,19,134,0.36,0.49666666666666665,2000,20260967
endpoint_minus_frozen,generation,generation_paired,projector-step100,vision,frozen-base,vision,color,50,8.0,0.0,0.16,0.0,0.16,8,0,42,0.06,0.26,2000,20260968
endpoint_minus_frozen,generation,generation_sample,projector-step100,vision,frozen-base,vision,color,50,19.0,3.0,0.38,0.06,0.32,27,3,20,0.21,0.43,2000,20260969
endpoint_minus_frozen,generation,prediction_flip,projector-step100,vision,frozen-base,vision,color,50,35.0,11.0,0.7,0.22,0.48,26,2,22,0.32,0.64,2000,20260970
endpoint_minus_frozen,generation,generation_paired,projector-step100,vision,frozen-base,vision,coordinate,50,12.0,0.0,0.24,0.0,0.24,12,0,38,0.12,0.36,2000,20260971
endpoint_minus_frozen,generation,generation_sample,projector-step100,vision,frozen-base,vision,coordinate,50,25.5,0.0,0.51,0.0,0.51,39,0,11,0.41,0.61,2000,20260972
endpoint_minus_frozen,generation,prediction_flip,projector-step100,vision,frozen-base,vision,coordinate,50,44.0,0.0,0.88,0.0,0.88,44,0,6,0.78,0.96,2000,20260973
endpoint_minus_frozen,generation,generation_paired,projector-step100,vision,frozen-base,vision,count,50,1.0,0.0,0.02,0.0,0.02,1,0,49,0.0,0.06,2000,20260974
endpoint_minus_frozen,generation,generation_sample,projector-step100,vision,frozen-base,vision,count,50,5.5,4.0,0.11,0.08,0.03,7,4,39,-0.03,0.1,2000,20260975
endpoint_minus_frozen,generation,prediction_flip,projector-step100,vision,frozen-base,vision,count,50,34.0,15.0,0.68,0.3,0.38,23,4,23,0.22,0.56,2000,20260976
endpoint_minus_frozen,generation,generation_paired,projector-step100,vision,frozen-base,vision,ocr,50,0.0,0.0,0.0,0.0,0.0,0,0,50,0.0,0.0,2000,20260977
endpoint_minus_frozen,generation,generation_sample,projector-step100,vision,frozen-base,vision,ocr,50,0.0,0.0,0.0,0.0,0.0,0,0,50,0.0,0.0,2000,20260978
endpoint_minus_frozen,generation,prediction_flip,projector-step100,vision,frozen-base,vision,ocr,50,48.0,38.0,0.96,0.76,0.2,11,1,38,0.08,0.32,2000,20260979
endpoint_minus_frozen,generation,generation_paired,projector-step100,vision,frozen-base,vision,shape,50,6.0,8.0,0.12,0.16,-0.04,0,2,48,-0.1,0.0,2000,20260980
endpoint_minus_frozen,generation,generation_sample,projector-step100,vision,frozen-base,vision,shape,50,23.0,26.0,0.46,0.52,-0.06,0,6,44,-0.11,-0.02,2000,20260981
endpoint_minus_frozen,generation,prediction_flip,projector-step100,vision,frozen-base,vision,shape,50,28.0,36.0,0.56,0.72,-0.16,4,12,34,-0.32,-0.02,2000,20260982
endpoint_minus_frozen,generation,generation_paired,projector-step100,vision,frozen-base,vision,spatial,50,50.0,11.0,1.0,0.22,0.78,39,0,11,0.66,0.88,2000,20260983
endpoint_minus_frozen,generation,generation_sample,projector-step100,vision,frozen-base,vision,spatial,50,50.0,30.5,1.0,0.61,0.39,39,0,11,0.33,0.45,2000,20260984
endpoint_minus_frozen,generation,prediction_flip,projector-step100,vision,frozen-base,vision,spatial,50,50.0,11.0,1.0,0.22,0.78,39,0,11,0.66,0.88,2000,20260985
lora_minus_projector,generation,generation_paired,lora-step100,vision,projector-step100,vision,overall,300,24.0,77.0,0.08,0.25666666666666665,-0.17666666666666667,18,71,211,-0.23666666666666666,-0.12,2000,20260986
lora_minus_projector,generation,generation_sample,lora-step100,vision,projector-step100,vision,overall,300,65.0,123.0,0.21666666666666667,0.41,-0.19333333333333333,27,124,149,-0.235,-0.155,2000,20260987
lora_minus_projector,generation,prediction_flip,lora-step100,vision,projector-step100,vision,overall,300,169.0,239.0,0.5633333333333334,0.7966666666666666,-0.23333333333333334,32,102,166,-0.30666666666666664,-0.16666666666666666,2000,20260988
lora_minus_projector,generation,generation_paired,lora-step100,vision,projector-step100,vision,color,50,0.0,8.0,0.0,0.16,-0.16,0,8,42,-0.28,-0.06,2000,20260989
lora_minus_projector,generation,generation_sample,lora-step100,vision,projector-step100,vision,color,50,3.0,19.0,0.06,0.38,-0.32,0,25,25,-0.42,-0.22,2000,20260990
lora_minus_projector,generation,prediction_flip,lora-step100,vision,projector-step100,vision,color,50,13.0,35.0,0.26,0.7,-0.44,1,23,26,-0.58,-0.28,2000,20260991
lora_minus_projector,generation,generation_paired,lora-step100,vision,projector-step100,vision,coordinate,50,0.0,12.0,0.0,0.24,-0.24,0,12,38,-0.36,-0.12,2000,20260992
lora_minus_projector,generation,generation_sample,lora-step100,vision,projector-step100,vision,coordinate,50,0.0,25.5,0.0,0.51,-0.51,0,39,11,-0.6,-0.42,2000,20260993
lora_minus_projector,generation,prediction_flip,lora-step100,vision,projector-step100,vision,coordinate,50,29.0,44.0,0.58,0.88,-0.3,0,15,35,-0.44,-0.18,2000,20260994
lora_minus_projector,generation,generation_paired,lora-step100,vision,projector-step100,vision,count,50,0.0,1.0,0.0,0.02,-0.02,0,1,49,-0.06,0.0,2000,20260995
lora_minus_projector,generation,generation_sample,lora-step100,vision,projector-step100,vision,count,50,0.0,5.5,0.0,0.11,-0.11,0,10,40,-0.18,-0.05,2000,20260996
lora_minus_projector,generation,prediction_flip,lora-step100,vision,projector-step100,vision,count,50,38.0,34.0,0.76,0.68,0.08,11,7,32,-0.1,0.24,2000,20260997
lora_minus_projector,generation,generation_paired,lora-step100,vision,projector-step100,vision,ocr,50,0.0,0.0,0.0,0.0,0.0,0,0,50,0.0,0.0,2000,20260998
lora_minus_projector,generation,generation_sample,lora-step100,vision,projector-step100,vision,ocr,50,0.0,0.0,0.0,0.0,0.0,0,0,50,0.0,0.0,2000,20260999
lora_minus_projector,generation,prediction_flip,lora-step100,vision,projector-step100,vision,ocr,50,45.0,48.0,0.9,0.96,-0.06,2,5,43,-0.16,0.04,2000,20261000
lora_minus_projector,generation,generation_paired,lora-step100,vision,projector-step100,vision,shape,50,24.0,6.0,0.48,0.12,0.36,18,0,32,0.22,0.5,2000,20261001
lora_minus_projector,generation,generation_sample,lora-step100,vision,projector-step100,vision,shape,50,37.0,23.0,0.74,0.46,0.28,27,0,23,0.21,0.35,2000,20261002
lora_minus_projector,generation,prediction_flip,lora-step100,vision,projector-step100,vision,shape,50,44.0,28.0,0.88,0.56,0.32,18,2,30,0.18,0.48,2000,20261003
lora_minus_projector,generation,generation_paired,lora-step100,vision,projector-step100,vision,spatial,50,0.0,50.0,0.0,1.0,-1.0,0,50,0,-1.0,-1.0,2000,20261004
lora_minus_projector,generation,generation_sample,lora-step100,vision,projector-step100,vision,spatial,50,25.0,50.0,0.5,1.0,-0.5,0,50,0,-0.5,-0.5,2000,20261005
lora_minus_projector,generation,prediction_flip,lora-step100,vision,projector-step100,vision,spatial,50,0.0,50.0,0.0,1.0,-1.0,0,50,0,-1.0,-1.0,2000,20261006
