checkpoint,examples_seen,task,metric,a,b,denominator,mean_a,mean_b,mean_gap,ci95_low,ci95_high,a_only_better,b_only_better,equal,bootstrap_samples,seed
step-000000,0,overall,paired_preference,,,1200,0.028333333333333332,0.0,0.028333333333333332,0.02,0.03833333333333333,34,0,1166,2000,20260804
step-000000,0,overall,mean_margin,,,1200,0.012338334139377355,0.0,0.012338334139377355,-0.00031491250367391403,0.02463429739692855,544,596,60,2000,20260805
step-000000,0,color,paired_preference,,,200,0.015,0.0,0.015,0.0,0.035,3,0,197,2000,20260814
step-000000,0,color,mean_margin,,,200,-0.05343745470046997,0.0,-0.05343745470046997,-0.08132809162139892,-0.02492182731628418,78,115,7,2000,20260815
step-000000,0,coordinate,paired_preference,,,200,0.07,0.0,0.07,0.035,0.11,14,0,186,2000,20260824
step-000000,0,coordinate,mean_margin,,,200,-0.027265390157699586,0.0,-0.027265390157699586,-0.05308573961257935,-0.00027640461921691896,79,121,0,2000,20260825
step-000000,0,count,paired_preference,,,200,0.0,0.0,0.0,0.0,0.0,0,0,200,2000,20260834
step-000000,0,count,mean_margin,,,200,0.012656247019767761,0.0,0.012656247019767761,0.004687498509883881,0.02078124910593033,93,54,53,2000,20260835
step-000000,0,ocr,paired_preference,,,200,0.03,0.0,0.03,0.01,0.055,6,0,194,2000,20260844
step-000000,0,ocr,mean_margin,,,200,0.0331831223737626,0.0,0.0331831223737626,-0.010545520521345575,0.07916363735426044,94,106,0,2000,20260845
step-000000,0,shape,paired_preference,,,200,0.055,0.0,0.055,0.025,0.09,11,0,189,2000,20260854
step-000000,0,shape,mean_margin,,,200,-0.0214843487739563,0.0,-0.0214843487739563,-0.056718722581863404,0.012109394073486329,100,100,0,2000,20260855
step-000000,0,spatial,paired_preference,,,200,0.0,0.0,0.0,0.0,0.0,0,0,200,2000,20260864
step-000000,0,spatial,mean_margin,,,200,0.13037782907485962,0.0,0.13037782907485962,0.10650208830833435,0.15384368300437928,100,100,0,2000,20260865
step-000000,0,overall,paired_preference,,,1200,0.0,0.0,0.0,0.0,0.0,0,0,1200,2000,20260904
step-000000,0,overall,mean_margin,,,1200,0.0,0.0,0.0,0.0,0.0,0,0,1200,2000,20260905
step-000000,0,color,paired_preference,,,200,0.0,0.0,0.0,0.0,0.0,0,0,200,2000,20260914
step-000000,0,color,mean_margin,,,200,0.0,0.0,0.0,0.0,0.0,0,0,200,2000,20260915
step-000000,0,coordinate,paired_preference,,,200,0.0,0.0,0.0,0.0,0.0,0,0,200,2000,20260924
step-000000,0,coordinate,mean_margin,,,200,0.0,0.0,0.0,0.0,0.0,0,0,200,2000,20260925
step-000000,0,count,paired_preference,,,200,0.0,0.0,0.0,0.0,0.0,0,0,200,2000,20260934
step-000000,0,count,mean_margin,,,200,0.0,0.0,0.0,0.0,0.0,0,0,200,2000,20260935
step-000000,0,ocr,paired_preference,,,200,0.0,0.0,0.0,0.0,0.0,0,0,200,2000,20260944
step-000000,0,ocr,mean_margin,,,200,0.0,0.0,0.0,0.0,0.0,0,0,200,2000,20260945
step-000000,0,shape,paired_preference,,,200,0.0,0.0,0.0,0.0,0.0,0,0,200,2000,20260954
step-000000,0,shape,mean_margin,,,200,0.0,0.0,0.0,0.0,0.0,0,0,200,2000,20260955
step-000000,0,spatial,paired_preference,,,200,0.0,0.0,0.0,0.0,0.0,0,0,200,2000,20260964
step-000000,0,spatial,mean_margin,,,200,0.0,0.0,0.0,0.0,0.0,0,0,200,2000,20260965
step-000000,0,overall,paired_preference,,,1200,0.0,0.0,0.0,0.0,0.0,0,0,1200,2000,20261004
step-000000,0,overall,mean_margin,,,1200,0.0,0.0,0.0,0.0,0.0,0,0,1200,2000,20261005
step-000000,0,color,paired_preference,,,200,0.0,0.0,0.0,0.0,0.0,0,0,200,2000,20261014
step-000000,0,color,mean_margin,,,200,0.0,0.0,0.0,0.0,0.0,0,0,200,2000,20261015
step-000000,0,coordinate,paired_preference,,,200,0.0,0.0,0.0,0.0,0.0,0,0,200,2000,20261024
step-000000,0,coordinate,mean_margin,,,200,0.0,0.0,0.0,0.0,0.0,0,0,200,2000,20261025
step-000000,0,count,paired_preference,,,200,0.0,0.0,0.0,0.0,0.0,0,0,200,2000,20261034
step-000000,0,count,mean_margin,,,200,0.0,0.0,0.0,0.0,0.0,0,0,200,2000,20261035
step-000000,0,ocr,paired_preference,,,200,0.0,0.0,0.0,0.0,0.0,0,0,200,2000,20261044
step-000000,0,ocr,mean_margin,,,200,0.0,0.0,0.0,0.0,0.0,0,0,200,2000,20261045
step-000000,0,shape,paired_preference,,,200,0.0,0.0,0.0,0.0,0.0,0,0,200,2000,20261054
step-000000,0,shape,mean_margin,,,200,0.0,0.0,0.0,0.0,0.0,0,0,200,2000,20261055
step-000000,0,spatial,paired_preference,,,200,0.0,0.0,0.0,0.0,0.0,0,0,200,2000,20261064
step-000000,0,spatial,mean_margin,,,200,0.0,0.0,0.0,0.0,0.0,0,0,200,2000,20261065
step-000000,0,overall,paired_preference,,,1200,0.0,0.0,0.0,0.0,0.0,0,0,1200,2000,20261104
step-000000,0,overall,mean_margin,,,1200,0.0,0.0,0.0,0.0,0.0,0,0,1200,2000,20261105
step-000000,0,color,paired_preference,,,200,0.0,0.0,0.0,0.0,0.0,0,0,200,2000,20261114
step-000000,0,color,mean_margin,,,200,0.0,0.0,0.0,0.0,0.0,0,0,200,2000,20261115
step-000000,0,coordinate,paired_preference,,,200,0.0,0.0,0.0,0.0,0.0,0,0,200,2000,20261124
step-000000,0,coordinate,mean_margin,,,200,0.0,0.0,0.0,0.0,0.0,0,0,200,2000,20261125
step-000000,0,count,paired_preference,,,200,0.0,0.0,0.0,0.0,0.0,0,0,200,2000,20261134
step-000000,0,count,mean_margin,,,200,0.0,0.0,0.0,0.0,0.0,0,0,200,2000,20261135
step-000000,0,ocr,paired_preference,,,200,0.0,0.0,0.0,0.0,0.0,0,0,200,2000,20261144
step-000000,0,ocr,mean_margin,,,200,0.0,0.0,0.0,0.0,0.0,0,0,200,2000,20261145
step-000000,0,shape,paired_preference,,,200,0.0,0.0,0.0,0.0,0.0,0,0,200,2000,20261154
step-000000,0,shape,mean_margin,,,200,0.0,0.0,0.0,0.0,0.0,0,0,200,2000,20261155
step-000000,0,spatial,paired_preference,,,200,0.0,0.0,0.0,0.0,0.0,0,0,200,2000,20261164
step-000000,0,spatial,mean_margin,,,200,0.0,0.0,0.0,0.0,0.0,0,0,200,2000,20261165
step-000000,0,overall,paired_preference,,,1200,0.021666666666666667,0.0,0.021666666666666667,0.014166666666666666,0.03,26,0,1174,2000,20261204
step-000000,0,overall,mean_margin,,,1200,0.008237024044706704,0.0,0.008237024044706704,-0.005726981185258378,0.02279537042786205,520,538,142,2000,20261205
step-000000,0,color,paired_preference,,,200,0.04,0.0,0.04,0.015,0.07,8,0,192,2000,20261214
step-000000,0,color,mean_margin,,,200,-0.01593750238418579,0.0,-0.01593750238418579,-0.04601561188697815,0.015859349966049194,93,100,7,2000,20261215
step-000000,0,coordinate,paired_preference,,,200,0.03,0.0,0.03,0.01,0.055,6,0,194,2000,20261224
step-000000,0,coordinate,mean_margin,,,200,-0.009294219017028808,0.0,-0.009294219017028808,-0.037478020191192625,0.018474457263946534,85,89,26,2000,20261225
step-000000,0,count,paired_preference,,,200,0.015,0.0,0.015,0.0,0.035,3,0,197,2000,20261234
step-000000,0,count,mean_margin,,,200,0.0017187467217445373,0.0,0.0017187467217445373,-0.0051562488079071045,0.009062495231628418,87,71,42,2000,20261235
step-000000,0,ocr,paired_preference,,,200,0.02,0.0,0.02,0.005,0.04,4,0,196,2000,20261244
step-000000,0,ocr,mean_margin,,,200,0.026505015168871188,0.0,0.026505015168871188,-0.019963941630863034,0.07468786634717671,110,90,0,2000,20261245
step-000000,0,shape,paired_preference,,,200,0.025,0.0,0.025,0.005,0.05,5,0,195,2000,20261254
step-000000,0,shape,mean_margin,,,200,-0.003046877384185791,0.0,-0.003046877384185791,-0.05140625476837158,0.04523436784744263,95,88,17,2000,20261255
step-000000,0,spatial,paired_preference,,,200,0.0,0.0,0.0,0.0,0.0,0,0,200,2000,20261264
step-000000,0,spatial,mean_margin,,,200,0.0494769811630249,0.0,0.0494769811630249,0.022549525499343873,0.07775838255882263,50,100,50,2000,20261265
step-000000,0,overall,paired_preference,,,1200,0.04083333333333333,0.0,0.04083333333333333,0.03,0.0525,49,0,1151,2000,20261304
step-000000,0,overall,mean_margin,,,1200,0.03875763160274142,0.0,0.03875763160274142,0.01873457891884304,0.059218438302713734,593,539,68,2000,20261305
step-000000,0,color,paired_preference,,,200,0.065,0.0,0.065,0.035,0.1,13,0,187,2000,20261314
step-000000,0,color,mean_margin,,,200,-0.08874998569488525,0.0,-0.08874998569488525,-0.1329687535762787,-0.046562497615814206,76,120,4,2000,20261315
step-000000,0,coordinate,paired_preference,,,200,0.04,0.0,0.04,0.015,0.07,8,0,192,2000,20261324
step-000000,0,coordinate,mean_margin,,,200,-0.07311836957931518,0.0,-0.07311836957931518,-0.12894623279571532,-0.011729729175567628,81,119,0,2000,20261325
step-000000,0,count,paired_preference,,,200,0.005,0.0,0.005,0.0,0.02,1,0,199,2000,20261334
step-000000,0,count,mean_margin,,,200,-0.000937502384185791,0.0,-0.000937502384185791,-0.0068749991059303284,0.005468748807907105,78,76,46,2000,20261335
step-000000,0,ocr,paired_preference,,,200,0.05,0.0,0.05,0.02,0.08,10,0,190,2000,20261344
step-000000,0,ocr,mean_margin,,,200,0.03912805570874896,0.0,0.03912805570874896,-0.016599759646824447,0.09187562212489897,110,90,0,2000,20261345
step-000000,0,shape,paired_preference,,,200,0.085,0.0,0.085,0.05,0.125,17,0,183,2000,20261354
step-000000,0,shape,mean_margin,,,200,0.3169531226158142,0.0,0.3169531226158142,0.2540625011920929,0.385,145,49,6,2000,20261355
step-000000,0,spatial,paired_preference,,,200,0.0,0.0,0.0,0.0,0.0,0,0,200,2000,20261364
step-000000,0,spatial,mean_margin,,,200,0.03927046895027161,0.0,0.03927046895027161,0.01056018352508545,0.06689386129379273,103,85,12,2000,20261365
step-000000,0,overall,paired_preference,,,1200,0.015833333333333335,0.0,0.015833333333333335,0.009166666666666667,0.023333333333333334,19,0,1181,2000,20261404
step-000000,0,overall,mean_margin,,,1200,-0.012338334139377355,0.0,-0.012338334139377355,-0.025191604852203345,0.0004918291459953942,596,544,60,2000,20261405
step-000000,0,color,paired_preference,,,200,0.07,0.0,0.07,0.035,0.105,14,0,186,2000,20261414
step-000000,0,color,mean_margin,,,200,0.05343745470046997,0.0,0.05343745470046997,0.024999960660934448,0.08015618324279786,115,78,7,2000,20261415
step-000000,0,coordinate,paired_preference,,,200,0.0,0.0,0.0,0.0,0.0,0,0,200,2000,20261424
step-000000,0,coordinate,mean_margin,,,200,0.027265390157699586,0.0,0.027265390157699586,-0.0004567146301269531,0.053638877868652346,121,79,0,2000,20261425
step-000000,0,count,paired_preference,,,200,0.0,0.0,0.0,0.0,0.0,0,0,200,2000,20261434
step-000000,0,count,mean_margin,,,200,-0.012656247019767761,0.0,-0.012656247019767761,-0.020781249701976777,-0.004999998211860657,54,93,53,2000,20261435
step-000000,0,ocr,paired_preference,,,200,0.025,0.0,0.025,0.005,0.05,5,0,195,2000,20261444
step-000000,0,ocr,mean_margin,,,200,-0.0331831223737626,0.0,-0.0331831223737626,-0.07915889154161726,0.012947877770378459,106,94,0,2000,20261445
step-000000,0,shape,paired_preference,,,200,0.0,0.0,0.0,0.0,0.0,0,0,200,2000,20261454
step-000000,0,shape,mean_margin,,,200,0.0214843487739563,0.0,0.0214843487739563,-0.014296900033950805,0.05742184519767761,100,100,0,2000,20261455
step-000000,0,spatial,paired_preference,,,200,0.0,0.0,0.0,0.0,0.0,0,0,200,2000,20261464
step-000000,0,spatial,mean_margin,,,200,-0.13037782907485962,0.0,-0.13037782907485962,-0.15374629616737365,-0.10697083830833436,100,100,0,2000,20261465
step-000000,0,overall,paired_preference,,,1200,0.019166666666666665,0.0,0.019166666666666665,0.011666666666666667,0.02666666666666667,23,0,1177,2000,20261504
step-000000,0,overall,mean_margin,,,1200,-0.016357626125453013,0.0,-0.016357626125453013,-0.03105216547657573,-0.0005773782380043536,516,618,66,2000,20261505
step-000000,0,color,paired_preference,,,200,0.035,0.0,0.035,0.01,0.06,7,0,193,2000,20261514
step-000000,0,color,mean_margin,,,200,-0.06851561784744263,0.0,-0.06851561784744263,-0.1036718738079071,-0.03328125,89,110,1,2000,20261515
step-000000,0,coordinate,paired_preference,,,200,0.03,0.0,0.03,0.01,0.055,6,0,194,2000,20261524
step-000000,0,coordinate,mean_margin,,,200,0.045272074937820435,0.0,0.045272074937820435,0.00938176155090332,0.07925108194351196,94,104,2,2000,20261525
step-000000,0,count,paired_preference,,,200,0.005,0.0,0.005,0.0,0.015,1,0,199,2000,20261534
step-000000,0,count,mean_margin,,,200,0.026875002682209014,0.0,0.026875002682209014,0.016562501490116118,0.037656250894069675,96,51,53,2000,20261535
step-000000,0,ocr,paired_preference,,,200,0.045,0.0,0.045,0.02,0.075,9,0,191,2000,20261544
step-000000,0,ocr,mean_margin,,,200,0.042224249510538006,0.0,0.042224249510538006,-0.005379091637475159,0.0923861955347515,110,90,0,2000,20261545
step-000000,0,shape,paired_preference,,,200,0.0,0.0,0.0,0.0,0.0,0,0,200,2000,20261554
step-000000,0,shape,mean_margin,,,200,-0.10960940718650818,0.0,-0.10960940718650818,-0.16343753814697265,-0.053281290531158446,77,113,10,2000,20261555
step-000000,0,spatial,paired_preference,,,200,0.0,0.0,0.0,0.0,0.0,0,0,200,2000,20261564
step-000000,0,spatial,mean_margin,,,200,-0.03439205884933472,0.0,-0.03439205884933472,-0.04945999264717102,-0.01804355263710022,50,150,0,2000,20261565
step-000500,4000,overall,paired_preference,,,1200,0.0025,0.0,0.0025,0.0,0.005833333333333334,3,0,1197,2000,20261804
step-000500,4000,overall,mean_margin,,,1200,0.0036899462737261367,0.0,0.0036899462737261367,0.001010702321217183,0.006440422611813701,418,545,237,2000,20261805
step-000500,4000,color,paired_preference,,,200,0.015,0.0,0.015,0.0,0.035,3,0,197,2000,20261814
step-000500,4000,color,mean_margin,,,200,0.00765625,0.0,0.00765625,0.00390625,0.0115625,76,39,85,2000,20261815
step-000500,4000,coordinate,paired_preference,,,200,0.0,0.0,0.0,0.0,0.0,0,0,200,2000,20261824
step-000500,4000,coordinate,mean_margin,,,200,0.0004347670078277588,0.0,0.0004347670078277588,-0.002004969120025635,0.0027813148498535157,96,88,16,2000,20261825
step-000500,4000,count,paired_preference,,,200,0.0,0.0,0.0,0.0,0.0,0,0,200,2000,20261834
step-000500,4000,count,mean_margin,,,200,-0.001093747466802597,0.0,-0.001093747466802597,-0.003593748062849045,0.0014062571525573732,53,52,95,2000,20261835
step-000500,4000,ocr,paired_preference,,,200,0.0,0.0,0.0,0.0,0.0,0,0,200,2000,20261844
step-000500,4000,ocr,mean_margin,,,200,-0.003028946728933387,0.0,-0.003028946728933387,-0.006883647441863958,0.0007486714294978935,94,106,0,2000,20261845
step-000500,4000,shape,paired_preference,,,200,0.0,0.0,0.0,0.0,0.0,0,0,200,2000,20261854
step-000500,4000,shape,mean_margin,,,200,0.039531238079071045,0.0,0.039531238079071045,0.026093735694885253,0.05234373152256012,99,60,41,2000,20261855
step-000500,4000,spatial,paired_preference,,,200,0.0,0.0,0.0,0.0,0.0,0,0,200,2000,20261864
step-000500,4000,spatial,mean_margin,,,200,-0.021359883248806,0.0,-0.021359883248806,-0.02484889790415764,-0.01787086859345436,0,200,0,2000,20261865
step-000500,4000,overall,paired_preference,,,1200,0.0,0.0,0.0,0.0,0.0,0,0,1200,2000,20261904
step-000500,4000,overall,mean_margin,,,1200,0.0,0.0,0.0,0.0,0.0,0,0,1200,2000,20261905
step-000500,4000,color,paired_preference,,,200,0.0,0.0,0.0,0.0,0.0,0,0,200,2000,20261914
step-000500,4000,color,mean_margin,,,200,0.0,0.0,0.0,0.0,0.0,0,0,200,2000,20261915
step-000500,4000,coordinate,paired_preference,,,200,0.0,0.0,0.0,0.0,0.0,0,0,200,2000,20261924
step-000500,4000,coordinate,mean_margin,,,200,0.0,0.0,0.0,0.0,0.0,0,0,200,2000,20261925
step-000500,4000,count,paired_preference,,,200,0.0,0.0,0.0,0.0,0.0,0,0,200,2000,20261934
step-000500,4000,count,mean_margin,,,200,0.0,0.0,0.0,0.0,0.0,0,0,200,2000,20261935
step-000500,4000,ocr,paired_preference,,,200,0.0,0.0,0.0,0.0,0.0,0,0,200,2000,20261944
step-000500,4000,ocr,mean_margin,,,200,0.0,0.0,0.0,0.0,0.0,0,0,200,2000,20261945
step-000500,4000,shape,paired_preference,,,200,0.0,0.0,0.0,0.0,0.0,0,0,200,2000,20261954
step-000500,4000,shape,mean_margin,,,200,0.0,0.0,0.0,0.0,0.0,0,0,200,2000,20261955
step-000500,4000,spatial,paired_preference,,,200,0.0,0.0,0.0,0.0,0.0,0,0,200,2000,20261964
step-000500,4000,spatial,mean_margin,,,200,0.0,0.0,0.0,0.0,0.0,0,0,200,2000,20261965
step-000500,4000,overall,paired_preference,,,1200,0.0,0.0,0.0,0.0,0.0,0,0,1200,2000,20262004
step-000500,4000,overall,mean_margin,,,1200,0.0,0.0,0.0,0.0,0.0,0,0,1200,2000,20262005
step-000500,4000,color,paired_preference,,,200,0.0,0.0,0.0,0.0,0.0,0,0,200,2000,20262014
step-000500,4000,color,mean_margin,,,200,0.0,0.0,0.0,0.0,0.0,0,0,200,2000,20262015
step-000500,4000,coordinate,paired_preference,,,200,0.0,0.0,0.0,0.0,0.0,0,0,200,2000,20262024
step-000500,4000,coordinate,mean_margin,,,200,0.0,0.0,0.0,0.0,0.0,0,0,200,2000,20262025
step-000500,4000,count,paired_preference,,,200,0.0,0.0,0.0,0.0,0.0,0,0,200,2000,20262034
step-000500,4000,count,mean_margin,,,200,0.0,0.0,0.0,0.0,0.0,0,0,200,2000,20262035
step-000500,4000,ocr,paired_preference,,,200,0.0,0.0,0.0,0.0,0.0,0,0,200,2000,20262044
step-000500,4000,ocr,mean_margin,,,200,0.0,0.0,0.0,0.0,0.0,0,0,200,2000,20262045
step-000500,4000,shape,paired_preference,,,200,0.0,0.0,0.0,0.0,0.0,0,0,200,2000,20262054
step-000500,4000,shape,mean_margin,,,200,0.0,0.0,0.0,0.0,0.0,0,0,200,2000,20262055
step-000500,4000,spatial,paired_preference,,,200,0.0,0.0,0.0,0.0,0.0,0,0,200,2000,20262064
step-000500,4000,spatial,mean_margin,,,200,0.0,0.0,0.0,0.0,0.0,0,0,200,2000,20262065
step-000500,4000,overall,paired_preference,,,1200,0.0,0.0,0.0,0.0,0.0,0,0,1200,2000,20262104
step-000500,4000,overall,mean_margin,,,1200,0.0,0.0,0.0,0.0,0.0,0,0,1200,2000,20262105
step-000500,4000,color,paired_preference,,,200,0.0,0.0,0.0,0.0,0.0,0,0,200,2000,20262114
step-000500,4000,color,mean_margin,,,200,0.0,0.0,0.0,0.0,0.0,0,0,200,2000,20262115
step-000500,4000,coordinate,paired_preference,,,200,0.0,0.0,0.0,0.0,0.0,0,0,200,2000,20262124
step-000500,4000,coordinate,mean_margin,,,200,0.0,0.0,0.0,0.0,0.0,0,0,200,2000,20262125
step-000500,4000,count,paired_preference,,,200,0.0,0.0,0.0,0.0,0.0,0,0,200,2000,20262134
step-000500,4000,count,mean_margin,,,200,0.0,0.0,0.0,0.0,0.0,0,0,200,2000,20262135
step-000500,4000,ocr,paired_preference,,,200,0.0,0.0,0.0,0.0,0.0,0,0,200,2000,20262144
step-000500,4000,ocr,mean_margin,,,200,0.0,0.0,0.0,0.0,0.0,0,0,200,2000,20262145
step-000500,4000,shape,paired_preference,,,200,0.0,0.0,0.0,0.0,0.0,0,0,200,2000,20262154
step-000500,4000,shape,mean_margin,,,200,0.0,0.0,0.0,0.0,0.0,0,0,200,2000,20262155
step-000500,4000,spatial,paired_preference,,,200,0.0,0.0,0.0,0.0,0.0,0,0,200,2000,20262164
step-000500,4000,spatial,mean_margin,,,200,0.0,0.0,0.0,0.0,0.0,0,0,200,2000,20262165
step-000500,4000,overall,paired_preference,,,1200,0.0008333333333333334,0.0,0.0008333333333333334,0.0,0.0025,1,0,1199,2000,20262204
step-000500,4000,overall,mean_margin,,,1200,-0.006454956653099207,0.0,-0.006454956653099207,-0.009234699396860023,-0.003709895311603463,461,451,288,2000,20262205
step-000500,4000,color,paired_preference,,,200,0.005,0.0,0.005,0.0,0.015,1,0,199,2000,20262214
step-000500,4000,color,mean_margin,,,200,0.00109375,0.0,0.00109375,-0.00265625,0.0046875,56,49,95,2000,20262215
step-000500,4000,coordinate,paired_preference,,,200,0.0,0.0,0.0,0.0,0.0,0,0,200,2000,20262224
step-000500,4000,coordinate,mean_margin,,,200,-0.0005857372283935547,0.0,-0.0005857372283935547,-0.003345714807510376,0.002331523895263672,82,79,39,2000,20262225
step-000500,4000,count,paired_preference,,,200,0.0,0.0,0.0,0.0,0.0,0,0,200,2000,20262234
step-000500,4000,count,mean_margin,,,200,0.0004687526822090149,0.0,0.0004687526822090149,-0.0020312467217445374,0.0029687502980232238,58,46,96,2000,20262235
step-000500,4000,ocr,paired_preference,,,200,0.0,0.0,0.0,0.0,0.0,0,0,200,2000,20262244
step-000500,4000,ocr,mean_margin,,,200,-0.0013904134773072463,0.0,-0.0013904134773072463,-0.005107907749357663,0.002215235630671204,97,103,0,2000,20262245
step-000500,4000,shape,paired_preference,,,200,0.0,0.0,0.0,0.0,0.0,0,0,200,2000,20262254
step-000500,4000,shape,mean_margin,,,200,-0.011093756556510926,0.0,-0.011093756556510926,-0.024843757152557374,0.002499997615814209,68,74,58,2000,20262255
step-000500,4000,spatial,paired_preference,,,200,0.0,0.0,0.0,0.0,0.0,0,0,200,2000,20262264
step-000500,4000,spatial,mean_margin,,,200,-0.02722233533859253,0.0,-0.02722233533859253,-0.03226118922233581,-0.022283461093902588,100,100,0,2000,20262265
step-000500,4000,overall,paired_preference,,,1200,0.008333333333333333,0.0,0.008333333333333333,0.0033333333333333335,0.014166666666666666,10,0,1190,2000,20262304
step-000500,4000,overall,mean_margin,,,1200,0.004114573894275555,0.0,0.004114573894275555,-0.0008187736003171852,0.008755042163389059,501,505,194,2000,20262305
step-000500,4000,color,paired_preference,,,200,0.0,0.0,0.0,0.0,0.0,0,0,200,2000,20262314
step-000500,4000,color,mean_margin,,,200,0.000625,0.0,0.000625,-0.005625,0.0065625,70,69,61,2000,20262315
step-000500,4000,coordinate,paired_preference,,,200,0.035,0.0,0.035,0.01,0.065,7,0,193,2000,20262324
step-000500,4000,coordinate,mean_margin,,,200,0.002137019634246826,0.0,0.002137019634246826,-0.0050956857204437255,0.009636813402175903,100,94,6,2000,20262325
step-000500,4000,count,paired_preference,,,200,0.0,0.0,0.0,0.0,0.0,0,0,200,2000,20262334
step-000500,4000,count,mean_margin,,,200,0.002656250149011612,0.0,0.002656250149011612,-1.9371509552001954e-09,0.005468752682209015,70,50,80,2000,20262335
step-000500,4000,ocr,paired_preference,,,200,0.005,0.0,0.005,0.0,0.015,1,0,199,2000,20262344
step-000500,4000,ocr,mean_margin,,,200,-0.013616073290507028,0.0,-0.013616073290507028,-0.021328040111632602,-0.006014045034136115,80,120,0,2000,20262345
step-000500,4000,shape,paired_preference,,,200,0.01,0.0,0.01,0.0,0.025,2,0,198,2000,20262354
step-000500,4000,shape,mean_margin,,,200,0.0356249862909317,0.0,0.0356249862909317,0.0134374862909317,0.05874998033046722,92,87,21,2000,20262355
step-000500,4000,spatial,paired_preference,,,200,0.0,0.0,0.0,0.0,0.0,0,0,200,2000,20262364
step-000500,4000,spatial,mean_margin,,,200,-0.002739739418029785,0.0,-0.002739739418029785,-0.01342959240078926,0.007694496959447861,89,85,26,2000,20262365
step-000500,4000,overall,paired_preference,,,1200,0.0,0.0,0.0,0.0,0.0,0,0,1200,2000,20262404
step-000500,4000,overall,mean_margin,,,1200,-0.0036899462737261367,0.0,-0.0036899462737261367,-0.006581052850399707,-0.000916963828698043,545,418,237,2000,20262405
step-000500,4000,color,paired_preference,,,200,0.0,0.0,0.0,0.0,0.0,0,0,200,2000,20262414
step-000500,4000,color,mean_margin,,,200,-0.00765625,0.0,-0.00765625,-0.0115625,-0.00375,39,76,85,2000,20262415
step-000500,4000,coordinate,paired_preference,,,200,0.0,0.0,0.0,0.0,0.0,0,0,200,2000,20262424
step-000500,4000,coordinate,mean_margin,,,200,-0.0004347670078277588,0.0,-0.0004347670078277588,-0.0029122745990753174,0.001984976530075073,88,96,16,2000,20262425
step-000500,4000,count,paired_preference,,,200,0.0,0.0,0.0,0.0,0.0,0,0,200,2000,20262434
step-000500,4000,count,mean_margin,,,200,0.001093747466802597,0.0,0.001093747466802597,-0.001562502533197403,0.0035937437415122985,52,53,95,2000,20262435
step-000500,4000,ocr,paired_preference,,,200,0.0,0.0,0.0,0.0,0.0,0,0,200,2000,20262444
step-000500,4000,ocr,mean_margin,,,200,0.003028946728933387,0.0,0.003028946728933387,-0.00042656912122455813,0.006629047189440014,106,94,0,2000,20262445
step-000500,4000,shape,paired_preference,,,200,0.0,0.0,0.0,0.0,0.0,0,0,200,2000,20262454
step-000500,4000,shape,mean_margin,,,200,-0.039531238079071045,0.0,-0.039531238079071045,-0.05265623092651367,-0.026093740463256836,60,99,41,2000,20262455
step-000500,4000,spatial,paired_preference,,,200,0.0,0.0,0.0,0.0,0.0,0,0,200,2000,20262464
step-000500,4000,spatial,mean_margin,,,200,0.021359883248806,0.0,0.021359883248806,0.018057003766298294,0.024828974455595017,200,0,0,2000,20262465
step-000500,4000,overall,paired_preference,,,1200,0.0,0.0,0.0,0.0,0.0,0,0,1200,2000,20262504
step-000500,4000,overall,mean_margin,,,1200,0.0016433722890085674,0.0,0.0016433722890085674,-0.0010415249552045566,0.0044576250158605115,396,511,293,2000,20262505
step-000500,4000,color,paired_preference,,,200,0.0,0.0,0.0,0.0,0.0,0,0,200,2000,20262514
step-000500,4000,color,mean_margin,,,200,0.00421875,0.0,0.00421875,0.00046875,0.00765625,55,36,109,2000,20262515
step-000500,4000,coordinate,paired_preference,,,200,0.0,0.0,0.0,0.0,0.0,0,0,200,2000,20262524
step-000500,4000,coordinate,mean_margin,,,200,0.0004329657554626465,0.0,0.0004329657554626465,-0.003387184143066406,0.004276758432388306,89,104,7,2000,20262525
step-000500,4000,count,paired_preference,,,200,0.0,0.0,0.0,0.0,0.0,0,0,200,2000,20262534
step-000500,4000,count,mean_margin,,,200,-0.0001562555134296417,0.0,-0.0001562555134296417,-0.0026562592387199403,0.0023437435925006867,53,62,85,2000,20262535
step-000500,4000,ocr,paired_preference,,,200,0.0,0.0,0.0,0.0,0.0,0,0,200,2000,20262544
step-000500,4000,ocr,mean_margin,,,200,-0.002879864056905093,0.0,-0.002879864056905093,-0.006744470948264698,0.0009310444309597954,91,109,0,2000,20262545
step-000500,4000,shape,paired_preference,,,200,0.0,0.0,0.0,0.0,0.0,0,0,200,2000,20262554
step-000500,4000,shape,mean_margin,,,200,0.042031239867210385,0.0,0.042031239867210385,0.030468738675117492,0.05374999403953552,108,50,42,2000,20262555
step-000500,4000,spatial,paired_preference,,,200,0.0,0.0,0.0,0.0,0.0,0,0,200,2000,20262564
step-000500,4000,spatial,mean_margin,,,200,-0.033786602318286896,0.0,-0.033786602318286896,-0.03781458705663681,-0.029715992510318756,0,150,50,2000,20262565
step-001000,8000,overall,paired_preference,,,1200,0.005833333333333334,0.0,0.005833333333333334,0.0016666666666666668,0.010833333333333334,7,0,1193,2000,20262804
step-001000,8000,overall,mean_margin,,,1200,0.006445234641196237,0.0,0.006445234641196237,0.0023510006960658822,0.010848646520149139,481,497,222,2000,20262805
step-001000,8000,color,paired_preference,,,200,0.0,0.0,0.0,0.0,0.0,0,0,200,2000,20262814
step-001000,8000,color,mean_margin,,,200,0.01328125,0.0,0.01328125,0.0096875,0.016875,96,28,76,2000,20262815
step-001000,8000,coordinate,paired_preference,,,200,0.035,0.0,0.035,0.015,0.065,7,0,193,2000,20262824
step-001000,8000,coordinate,mean_margin,,,200,-0.005395808219909668,0.0,-0.005395808219909668,-0.00861253023147583,-0.0024380886554718015,98,100,2,2000,20262825
step-001000,8000,count,paired_preference,,,200,0.0,0.0,0.0,0.0,0.0,0,0,200,2000,20262834
step-001000,8000,count,mean_margin,,,200,-0.0029687421023845673,0.0,-0.0029687421023845673,-0.005624995231628418,-0.000312490314245224,50,57,93,2000,20262835
step-001000,8000,ocr,paired_preference,,,200,0.0,0.0,0.0,0.0,0.0,0,0,200,2000,20262844
step-001000,8000,ocr,mean_margin,,,200,-0.003527420611608587,0.0,-0.003527420611608587,-0.007814547527404039,0.00044768451509020313,91,108,1,2000,20262845
step-001000,8000,shape,paired_preference,,,200,0.0,0.0,0.0,0.0,0.0,0,0,200,2000,20262854
step-001000,8000,shape,mean_margin,,,200,0.06031248062849045,0.0,0.06031248062849045,0.037656232714653015,0.0828124812245369,96,104,0,2000,20262855
step-001000,8000,spatial,paired_preference,,,200,0.0,0.0,0.0,0.0,0.0,0,0,200,2000,20262864
step-001000,8000,spatial,mean_margin,,,200,-0.023030351847410202,0.0,-0.023030351847410202,-0.02875307187438011,-0.017323917895555496,50,100,50,2000,20262865
step-001000,8000,overall,paired_preference,,,1200,0.0,0.0,0.0,0.0,0.0,0,0,1200,2000,20262904
step-001000,8000,overall,mean_margin,,,1200,0.0,0.0,0.0,0.0,0.0,0,0,1200,2000,20262905
step-001000,8000,color,paired_preference,,,200,0.0,0.0,0.0,0.0,0.0,0,0,200,2000,20262914
step-001000,8000,color,mean_margin,,,200,0.0,0.0,0.0,0.0,0.0,0,0,200,2000,20262915
step-001000,8000,coordinate,paired_preference,,,200,0.0,0.0,0.0,0.0,0.0,0,0,200,2000,20262924
step-001000,8000,coordinate,mean_margin,,,200,0.0,0.0,0.0,0.0,0.0,0,0,200,2000,20262925
step-001000,8000,count,paired_preference,,,200,0.0,0.0,0.0,0.0,0.0,0,0,200,2000,20262934
step-001000,8000,count,mean_margin,,,200,0.0,0.0,0.0,0.0,0.0,0,0,200,2000,20262935
step-001000,8000,ocr,paired_preference,,,200,0.0,0.0,0.0,0.0,0.0,0,0,200,2000,20262944
step-001000,8000,ocr,mean_margin,,,200,0.0,0.0,0.0,0.0,0.0,0,0,200,2000,20262945
step-001000,8000,shape,paired_preference,,,200,0.0,0.0,0.0,0.0,0.0,0,0,200,2000,20262954
step-001000,8000,shape,mean_margin,,,200,0.0,0.0,0.0,0.0,0.0,0,0,200,2000,20262955
step-001000,8000,spatial,paired_preference,,,200,0.0,0.0,0.0,0.0,0.0,0,0,200,2000,20262964
step-001000,8000,spatial,mean_margin,,,200,0.0,0.0,0.0,0.0,0.0,0,0,200,2000,20262965
step-001000,8000,overall,paired_preference,,,1200,0.0,0.0,0.0,0.0,0.0,0,0,1200,2000,20263004
step-001000,8000,overall,mean_margin,,,1200,0.0,0.0,0.0,0.0,0.0,0,0,1200,2000,20263005
step-001000,8000,color,paired_preference,,,200,0.0,0.0,0.0,0.0,0.0,0,0,200,2000,20263014
step-001000,8000,color,mean_margin,,,200,0.0,0.0,0.0,0.0,0.0,0,0,200,2000,20263015
step-001000,8000,coordinate,paired_preference,,,200,0.0,0.0,0.0,0.0,0.0,0,0,200,2000,20263024
step-001000,8000,coordinate,mean_margin,,,200,0.0,0.0,0.0,0.0,0.0,0,0,200,2000,20263025
step-001000,8000,count,paired_preference,,,200,0.0,0.0,0.0,0.0,0.0,0,0,200,2000,20263034
step-001000,8000,count,mean_margin,,,200,0.0,0.0,0.0,0.0,0.0,0,0,200,2000,20263035
step-001000,8000,ocr,paired_preference,,,200,0.0,0.0,0.0,0.0,0.0,0,0,200,2000,20263044
step-001000,8000,ocr,mean_margin,,,200,0.0,0.0,0.0,0.0,0.0,0,0,200,2000,20263045
step-001000,8000,shape,paired_preference,,,200,0.0,0.0,0.0,0.0,0.0,0,0,200,2000,20263054
step-001000,8000,shape,mean_margin,,,200,0.0,0.0,0.0,0.0,0.0,0,0,200,2000,20263055
step-001000,8000,spatial,paired_preference,,,200,0.0,0.0,0.0,0.0,0.0,0,0,200,2000,20263064
step-001000,8000,spatial,mean_margin,,,200,0.0,0.0,0.0,0.0,0.0,0,0,200,2000,20263065
step-001000,8000,overall,paired_preference,,,1200,0.0,0.0,0.0,0.0,0.0,0,0,1200,2000,20263104
step-001000,8000,overall,mean_margin,,,1200,0.0,0.0,0.0,0.0,0.0,0,0,1200,2000,20263105
step-001000,8000,color,paired_preference,,,200,0.0,0.0,0.0,0.0,0.0,0,0,200,2000,20263114
step-001000,8000,color,mean_margin,,,200,0.0,0.0,0.0,0.0,0.0,0,0,200,2000,20263115
step-001000,8000,coordinate,paired_preference,,,200,0.0,0.0,0.0,0.0,0.0,0,0,200,2000,20263124
step-001000,8000,coordinate,mean_margin,,,200,0.0,0.0,0.0,0.0,0.0,0,0,200,2000,20263125
step-001000,8000,count,paired_preference,,,200,0.0,0.0,0.0,0.0,0.0,0,0,200,2000,20263134
step-001000,8000,count,mean_margin,,,200,0.0,0.0,0.0,0.0,0.0,0,0,200,2000,20263135
step-001000,8000,ocr,paired_preference,,,200,0.0,0.0,0.0,0.0,0.0,0,0,200,2000,20263144
step-001000,8000,ocr,mean_margin,,,200,0.0,0.0,0.0,0.0,0.0,0,0,200,2000,20263145
step-001000,8000,shape,paired_preference,,,200,0.0,0.0,0.0,0.0,0.0,0,0,200,2000,20263154
step-001000,8000,shape,mean_margin,,,200,0.0,0.0,0.0,0.0,0.0,0,0,200,2000,20263155
step-001000,8000,spatial,paired_preference,,,200,0.0,0.0,0.0,0.0,0.0,0,0,200,2000,20263164
step-001000,8000,spatial,mean_margin,,,200,0.0,0.0,0.0,0.0,0.0,0,0,200,2000,20263165
step-001000,8000,overall,paired_preference,,,1200,0.005,0.0,0.005,0.0016666666666666668,0.009166666666666667,6,0,1194,2000,20263204
step-001000,8000,overall,mean_margin,,,1200,-0.001003834423328207,0.0,-0.001003834423328207,-0.005108283198896856,0.0029945736520347135,464,432,304,2000,20263205
step-001000,8000,color,paired_preference,,,200,0.005,0.0,0.005,0.0,0.015,1,0,199,2000,20263214
step-001000,8000,color,mean_margin,,,200,-0.0009375,0.0,-0.0009375,-0.0046875,0.0028125,52,56,92,2000,20263215
step-001000,8000,coordinate,paired_preference,,,200,0.02,0.0,0.02,0.005,0.04,4,0,196,2000,20263224
step-001000,8000,coordinate,mean_margin,,,200,0.002044872045516968,0.0,0.002044872045516968,-0.0008817601203918457,0.004917157888412476,86,81,33,2000,20263225
step-001000,8000,count,paired_preference,,,200,0.0,0.0,0.0,0.0,0.0,0,0,200,2000,20263234
step-001000,8000,count,mean_margin,,,200,-0.00140625,0.0,-0.00140625,-0.003906253576278686,0.0015625014901161193,51,59,90,2000,20263235
step-001000,8000,ocr,paired_preference,,,200,0.0,0.0,0.0,0.0,0.0,0,0,200,2000,20263244
step-001000,8000,ocr,mean_margin,,,200,-0.0014998962992713817,0.0,-0.0014998962992713817,-0.005851054532187345,0.0026152297542208535,103,97,0,2000,20263245
step-001000,8000,shape,paired_preference,,,200,0.005,0.0,0.005,0.0,0.015,1,0,199,2000,20263254
step-001000,8000,shape,mean_margin,,,200,-0.027343752682209014,0.0,-0.027343752682209014,-0.04968750298023224,-0.0045312482118606565,72,89,39,2000,20263255
step-001000,8000,spatial,paired_preference,,,200,0.0,0.0,0.0,0.0,0.0,0,0,200,2000,20263264
step-001000,8000,spatial,mean_margin,,,200,0.023119520395994186,0.0,0.023119520395994186,0.017405481413006782,0.02876996099948883,100,50,50,2000,20263265
step-001000,8000,overall,paired_preference,,,1200,0.006666666666666667,0.0,0.006666666666666667,0.0025,0.011666666666666667,8,0,1192,2000,20263304
step-001000,8000,overall,mean_margin,,,1200,0.007452754718325442,0.0,0.007452754718325442,-0.0008146325683309919,0.015774611310708144,516,525,159,2000,20263305
step-001000,8000,color,paired_preference,,,200,0.01,0.0,0.01,0.0,0.025,2,0,198,2000,20263314
step-001000,8000,color,mean_margin,,,200,0.012031249403953552,0.0,0.012031249403953552,0.0018749997019767762,0.02140624612569809,92,67,41,2000,20263315
step-001000,8000,coordinate,paired_preference,,,200,0.025,0.0,0.025,0.005,0.05,5,0,195,2000,20263324
step-001000,8000,coordinate,mean_margin,,,200,0.01064276933670044,0.0,0.01064276933670044,-0.0013084065914154052,0.02246346116065979,106,89,5,2000,20263325
step-001000,8000,count,paired_preference,,,200,0.0,0.0,0.0,0.0,0.0,0,0,200,2000,20263334
step-001000,8000,count,mean_margin,,,200,0.0014062517881393434,0.0,0.0014062517881393434,-0.0012499971687793732,0.003906251490116119,56,47,97,2000,20263335
step-001000,8000,ocr,paired_preference,,,200,0.0,0.0,0.0,0.0,0.0,0,0,200,2000,20263344
step-001000,8000,ocr,mean_margin,,,200,-0.01648849663280305,0.0,-0.01648849663280305,-0.027354199999854664,-0.005985105559939429,84,116,0,2000,20263345
step-001000,8000,shape,paired_preference,,,200,0.0,0.0,0.0,0.0,0.0,0,0,200,2000,20263354
step-001000,8000,shape,mean_margin,,,200,0.042499997913837434,0.0,0.042499997913837434,0.005624999403953552,0.0804687437415123,86,107,7,2000,20263355
step-001000,8000,spatial,paired_preference,,,200,0.005,0.0,0.005,0.0,0.015,1,0,199,2000,20263364
step-001000,8000,spatial,mean_margin,,,200,-0.0053752434998750685,0.0,-0.0053752434998750685,-0.027401285246014595,0.015610408186912537,92,99,9,2000,20263365
step-001000,8000,overall,paired_preference,,,1200,0.0,0.0,0.0,0.0,0.0,0,0,1200,2000,20263404
step-001000,8000,overall,mean_margin,,,1200,-0.006445234641196237,0.0,-0.006445234641196237,-0.011145370788517446,-0.002250585906562353,497,481,222,2000,20263405
step-001000,8000,color,paired_preference,,,200,0.0,0.0,0.0,0.0,0.0,0,0,200,2000,20263414
step-001000,8000,color,mean_margin,,,200,-0.01328125,0.0,-0.01328125,-0.016875,-0.0096875,28,96,76,2000,20263415
step-001000,8000,coordinate,paired_preference,,,200,0.0,0.0,0.0,0.0,0.0,0,0,200,2000,20263424
step-001000,8000,coordinate,mean_margin,,,200,0.005395808219909668,0.0,0.005395808219909668,0.0022156476974487306,0.008614219427108764,100,98,2,2000,20263425
step-001000,8000,count,paired_preference,,,200,0.0,0.0,0.0,0.0,0.0,0,0,200,2000,20263434
step-001000,8000,count,mean_margin,,,200,0.0029687421023845673,0.0,0.0029687421023845673,0.00031249091029167175,0.005624990612268448,57,50,93,2000,20263435
step-001000,8000,ocr,paired_preference,,,200,0.0,0.0,0.0,0.0,0.0,0,0,200,2000,20263444
step-001000,8000,ocr,mean_margin,,,200,0.003527420611608587,0.0,0.003527420611608587,-0.0006368107795715561,0.007847277959187812,108,91,1,2000,20263445
step-001000,8000,shape,paired_preference,,,200,0.0,0.0,0.0,0.0,0.0,0,0,200,2000,20263454
step-001000,8000,shape,mean_margin,,,200,-0.06031248062849045,0.0,-0.06031248062849045,-0.08265623778104782,-0.03828123211860657,104,96,0,2000,20263455
step-001000,8000,spatial,paired_preference,,,200,0.0,0.0,0.0,0.0,0.0,0,0,200,2000,20263464
step-001000,8000,spatial,mean_margin,,,200,0.023030351847410202,0.0,0.023030351847410202,0.016863311380147933,0.02857239194214344,100,50,50,2000,20263465
step-001000,8000,overall,paired_preference,,,1200,0.005,0.0,0.005,0.0016666666666666668,0.009166666666666667,6,0,1194,2000,20263504
step-001000,8000,overall,mean_margin,,,1200,0.023610361490694304,0.0,0.023610361490694304,0.019340638951413216,0.02842243239851225,602,249,349,2000,20263505
step-001000,8000,color,paired_preference,,,200,0.0,0.0,0.0,0.0,0.0,0,0,200,2000,20263514
step-001000,8000,color,mean_margin,,,200,0.0125,0.0,0.0125,0.0090625,0.01609375,78,10,112,2000,20263515
step-001000,8000,coordinate,paired_preference,,,200,0.03,0.0,0.03,0.01,0.055,6,0,194,2000,20263524
step-001000,8000,coordinate,mean_margin,,,200,0.0004329335689544678,0.0,0.0004329335689544678,-0.002137954235076904,0.0027562785148620606,108,75,17,2000,20263525
step-001000,8000,count,paired_preference,,,200,0.0,0.0,0.0,0.0,0.0,0,0,200,2000,20263534
step-001000,8000,count,mean_margin,,,200,0.0006250040233135223,0.0,0.0006250040233135223,-0.0015624968707561493,0.0028125020861625672,56,35,109,2000,20263535
step-001000,8000,ocr,paired_preference,,,200,0.0,0.0,0.0,0.0,0.0,0,0,200,2000,20263544
step-001000,8000,ocr,mean_margin,,,200,-0.003601905709221248,0.0,-0.003601905709221248,-0.0074129194872719585,-0.00012775447255092054,100,100,0,2000,20263545
step-001000,8000,shape,paired_preference,,,200,0.0,0.0,0.0,0.0,0.0,0,0,200,2000,20263554
step-001000,8000,shape,mean_margin,,,200,0.10500003755092621,0.0,0.10500003755092621,0.0845312824845314,0.1273437950015068,160,29,11,2000,20263555
step-001000,8000,spatial,paired_preference,,,200,0.0,0.0,0.0,0.0,0.0,0,0,200,2000,20263564
step-001000,8000,spatial,mean_margin,,,200,0.02670609951019287,0.0,0.02670609951019287,0.02307569742202759,0.030797319412231447,100,0,100,2000,20263565
step-001500,12000,overall,paired_preference,,,1200,0.021666666666666667,0.0,0.021666666666666667,0.014166666666666666,0.03,26,0,1174,2000,20263804
step-001500,12000,overall,mean_margin,,,1200,0.017687294908459227,0.0,0.017687294908459227,0.01229211547970772,0.023110484612957827,600,389,211,2000,20263805
step-001500,12000,color,paired_preference,,,200,0.0,0.0,0.0,0.0,0.0,0,0,200,2000,20263814
step-001500,12000,color,mean_margin,,,200,0.012968751192092896,0.0,0.012968751192092896,0.008906252980232239,0.017187499403953553,99,28,73,2000,20263815
step-001500,12000,coordinate,paired_preference,,,200,0.0,0.0,0.0,0.0,0.0,0,0,200,2000,20263824
step-001500,12000,coordinate,mean_margin,,,200,-0.006257575750350952,0.0,-0.006257575750350952,-0.009983363151550293,-0.0027151775360107423,93,92,15,2000,20263825
step-001500,12000,count,paired_preference,,,200,0.0,0.0,0.0,0.0,0.0,0,0,200,2000,20263834
step-001500,12000,count,mean_margin,,,200,0.0057812540233135225,0.0,0.0057812540233135225,0.0029687561094760896,0.008437505662441254,85,42,73,2000,20263835
step-001500,12000,ocr,paired_preference,,,200,0.0,0.0,0.0,0.0,0.0,0,0,200,2000,20263844
step-001500,12000,ocr,mean_margin,,,200,0.001912658680053002,0.0,0.001912658680053002,-0.0033206465017227714,0.006931132850192878,106,94,0,2000,20263845
step-001500,12000,shape,paired_preference,,,200,0.13,0.0,0.13,0.085,0.18,26,0,174,2000,20263854
step-001500,12000,shape,mean_margin,,,200,0.1329687276482582,0.0,0.1329687276482582,0.11046873241662979,0.1564062201976776,167,33,0,2000,20263855
step-001500,12000,spatial,paired_preference,,,200,0.0,0.0,0.0,0.0,0.0,0,0,200,2000,20263864
step-001500,12000,spatial,mean_margin,,,200,-0.04125004634261131,0.0,-0.04125004634261131,-0.0491125401109457,-0.033412548899650577,50,100,50,2000,20263865
step-001500,12000,overall,paired_preference,,,1200,0.0,0.0,0.0,0.0,0.0,0,0,1200,2000,20263904
step-001500,12000,overall,mean_margin,,,1200,0.0,0.0,0.0,0.0,0.0,0,0,1200,2000,20263905
step-001500,12000,color,paired_preference,,,200,0.0,0.0,0.0,0.0,0.0,0,0,200,2000,20263914
step-001500,12000,color,mean_margin,,,200,0.0,0.0,0.0,0.0,0.0,0,0,200,2000,20263915
step-001500,12000,coordinate,paired_preference,,,200,0.0,0.0,0.0,0.0,0.0,0,0,200,2000,20263924
step-001500,12000,coordinate,mean_margin,,,200,0.0,0.0,0.0,0.0,0.0,0,0,200,2000,20263925
step-001500,12000,count,paired_preference,,,200,0.0,0.0,0.0,0.0,0.0,0,0,200,2000,20263934
step-001500,12000,count,mean_margin,,,200,0.0,0.0,0.0,0.0,0.0,0,0,200,2000,20263935
step-001500,12000,ocr,paired_preference,,,200,0.0,0.0,0.0,0.0,0.0,0,0,200,2000,20263944
step-001500,12000,ocr,mean_margin,,,200,0.0,0.0,0.0,0.0,0.0,0,0,200,2000,20263945
step-001500,12000,shape,paired_preference,,,200,0.0,0.0,0.0,0.0,0.0,0,0,200,2000,20263954
step-001500,12000,shape,mean_margin,,,200,0.0,0.0,0.0,0.0,0.0,0,0,200,2000,20263955
step-001500,12000,spatial,paired_preference,,,200,0.0,0.0,0.0,0.0,0.0,0,0,200,2000,20263964
step-001500,12000,spatial,mean_margin,,,200,0.0,0.0,0.0,0.0,0.0,0,0,200,2000,20263965
step-001500,12000,overall,paired_preference,,,1200,0.0,0.0,0.0,0.0,0.0,0,0,1200,2000,20264004
step-001500,12000,overall,mean_margin,,,1200,0.0,0.0,0.0,0.0,0.0,0,0,1200,2000,20264005
step-001500,12000,color,paired_preference,,,200,0.0,0.0,0.0,0.0,0.0,0,0,200,2000,20264014
step-001500,12000,color,mean_margin,,,200,0.0,0.0,0.0,0.0,0.0,0,0,200,2000,20264015
step-001500,12000,coordinate,paired_preference,,,200,0.0,0.0,0.0,0.0,0.0,0,0,200,2000,20264024
step-001500,12000,coordinate,mean_margin,,,200,0.0,0.0,0.0,0.0,0.0,0,0,200,2000,20264025
step-001500,12000,count,paired_preference,,,200,0.0,0.0,0.0,0.0,0.0,0,0,200,2000,20264034
step-001500,12000,count,mean_margin,,,200,0.0,0.0,0.0,0.0,0.0,0,0,200,2000,20264035
step-001500,12000,ocr,paired_preference,,,200,0.0,0.0,0.0,0.0,0.0,0,0,200,2000,20264044
step-001500,12000,ocr,mean_margin,,,200,0.0,0.0,0.0,0.0,0.0,0,0,200,2000,20264045
step-001500,12000,shape,paired_preference,,,200,0.0,0.0,0.0,0.0,0.0,0,0,200,2000,20264054
step-001500,12000,shape,mean_margin,,,200,0.0,0.0,0.0,0.0,0.0,0,0,200,2000,20264055
step-001500,12000,spatial,paired_preference,,,200,0.0,0.0,0.0,0.0,0.0,0,0,200,2000,20264064
step-001500,12000,spatial,mean_margin,,,200,0.0,0.0,0.0,0.0,0.0,0,0,200,2000,20264065
step-001500,12000,overall,paired_preference,,,1200,0.0,0.0,0.0,0.0,0.0,0,0,1200,2000,20264104
step-001500,12000,overall,mean_margin,,,1200,0.0,0.0,0.0,0.0,0.0,0,0,1200,2000,20264105
step-001500,12000,color,paired_preference,,,200,0.0,0.0,0.0,0.0,0.0,0,0,200,2000,20264114
step-001500,12000,color,mean_margin,,,200,0.0,0.0,0.0,0.0,0.0,0,0,200,2000,20264115
step-001500,12000,coordinate,paired_preference,,,200,0.0,0.0,0.0,0.0,0.0,0,0,200,2000,20264124
step-001500,12000,coordinate,mean_margin,,,200,0.0,0.0,0.0,0.0,0.0,0,0,200,2000,20264125
step-001500,12000,count,paired_preference,,,200,0.0,0.0,0.0,0.0,0.0,0,0,200,2000,20264134
step-001500,12000,count,mean_margin,,,200,0.0,0.0,0.0,0.0,0.0,0,0,200,2000,20264135
step-001500,12000,ocr,paired_preference,,,200,0.0,0.0,0.0,0.0,0.0,0,0,200,2000,20264144
step-001500,12000,ocr,mean_margin,,,200,0.0,0.0,0.0,0.0,0.0,0,0,200,2000,20264145
step-001500,12000,shape,paired_preference,,,200,0.0,0.0,0.0,0.0,0.0,0,0,200,2000,20264154
step-001500,12000,shape,mean_margin,,,200,0.0,0.0,0.0,0.0,0.0,0,0,200,2000,20264155
step-001500,12000,spatial,paired_preference,,,200,0.0,0.0,0.0,0.0,0.0,0,0,200,2000,20264164
step-001500,12000,spatial,mean_margin,,,200,0.0,0.0,0.0,0.0,0.0,0,0,200,2000,20264165
step-001500,12000,overall,paired_preference,,,1200,0.0025,0.0,0.0025,0.0,0.005833333333333334,3,0,1197,2000,20264204
step-001500,12000,overall,mean_margin,,,1200,-0.008209860454712595,0.0,-0.008209860454712595,-0.01330929403148946,-0.003224190185703927,435,552,213,2000,20264205
step-001500,12000,color,paired_preference,,,200,0.0,0.0,0.0,0.0,0.0,0,0,200,2000,20264214
step-001500,12000,color,mean_margin,,,200,-0.0018749994039535523,0.0,-0.0018749994039535523,-0.006093748211860657,0.002343749403953552,61,75,64,2000,20264215
step-001500,12000,coordinate,paired_preference,,,200,0.0,0.0,0.0,0.0,0.0,0,0,200,2000,20264224
step-001500,12000,coordinate,mean_margin,,,200,0.00093794584274292,0.0,0.00093794584274292,-0.002073589563369751,0.004082330465316772,78,88,34,2000,20264225
step-001500,12000,count,paired_preference,,,200,0.0,0.0,0.0,0.0,0.0,0,0,200,2000,20264234
step-001500,12000,count,mean_margin,,,200,0.0023437485098838804,0.0,0.0023437485098838804,-0.00031249821186065676,0.004843745827674866,64,52,84,2000,20264235
step-001500,12000,ocr,paired_preference,,,200,0.0,0.0,0.0,0.0,0.0,0,0,200,2000,20264244
step-001500,12000,ocr,mean_margin,,,200,-0.0015519225937979575,0.0,-0.0015519225937979575,-0.006809392872310847,0.0036373982315971876,98,102,0,2000,20264245
step-001500,12000,shape,paired_preference,,,200,0.015,0.0,0.015,0.0,0.035,3,0,197,2000,20264254
step-001500,12000,shape,mean_margin,,,200,-0.024531247317790984,0.0,-0.024531247317790984,-0.05515623867511749,0.004062501192092896,84,85,31,2000,20264255
step-001500,12000,spatial,paired_preference,,,200,0.0,0.0,0.0,0.0,0.0,0,0,200,2000,20264264
step-001500,12000,spatial,mean_margin,,,200,-0.02458268776535988,0.0,-0.02458268776535988,-0.028286879435181617,-0.02105357386171818,50,150,0,2000,20264265
step-001500,12000,overall,paired_preference,,,1200,0.005,0.0,0.005,0.0016666666666666668,0.009166666666666667,6,0,1194,2000,20264304
step-001500,12000,overall,mean_margin,,,1200,-0.003392716131986136,0.0,-0.003392716131986136,-0.015071828561997605,0.008480170576700138,520,578,102,2000,20264305
step-001500,12000,color,paired_preference,,,200,0.02,0.0,0.02,0.005,0.045,4,0,196,2000,20264314
step-001500,12000,color,mean_margin,,,200,0.013437498807907105,0.0,0.013437498807907105,-0.0014062485098838807,0.029062500298023222,98,81,21,2000,20264315
step-001500,12000,coordinate,paired_preference,,,200,0.005,0.0,0.005,0.0,0.015,1,0,199,2000,20264324
step-001500,12000,coordinate,mean_margin,,,200,-0.013180611133575439,0.0,-0.013180611133575439,-0.02775132656097412,0.0011591875553131103,89,110,1,2000,20264325
step-001500,12000,count,paired_preference,,,200,0.0,0.0,0.0,0.0,0.0,0,0,200,2000,20264334
step-001500,12000,count,mean_margin,,,200,0.0015624977648258209,0.0,0.0015624977648258209,-0.0026562531292438508,0.005781248807907104,68,70,62,2000,20264335
step-001500,12000,ocr,paired_preference,,,200,0.0,0.0,0.0,0.0,0.0,0,0,200,2000,20264344
step-001500,12000,ocr,mean_margin,,,200,-0.022471702291851966,0.0,-0.022471702291851966,-0.038490364017940724,-0.007599851948874347,86,114,0,2000,20264345
step-001500,12000,shape,paired_preference,,,200,0.005,0.0,0.005,0.0,0.015,1,0,199,2000,20264354
step-001500,12000,shape,mean_margin,,,200,0.0024999967217445374,0.0,0.0024999967217445374,-0.05671875059604645,0.06281250178813934,83,107,10,2000,20264355
step-001500,12000,spatial,paired_preference,,,200,0.0,0.0,0.0,0.0,0.0,0,0,200,2000,20264364
step-001500,12000,spatial,mean_margin,,,200,-0.002203976660966873,0.0,-0.002203976660966873,-0.026447739005088806,0.02102283351123333,96,96,8,2000,20264365
step-001500,12000,overall,paired_preference,,,1200,0.04416666666666667,0.0,0.04416666666666667,0.0325,0.056666666666666664,53,0,1147,2000,20264404
step-001500,12000,overall,mean_margin,,,1200,-0.017687294908459227,0.0,-0.017687294908459227,-0.023213794182572106,-0.012380346509908872,389,600,211,2000,20264405
step-001500,12000,color,paired_preference,,,200,0.0,0.0,0.0,0.0,0.0,0,0,200,2000,20264414
step-001500,12000,color,mean_margin,,,200,-0.012968751192092896,0.0,-0.012968751192092896,-0.01703125149011612,-0.008593751192092896,28,99,73,2000,20264415
step-001500,12000,coordinate,paired_preference,,,200,0.0,0.0,0.0,0.0,0.0,0,0,200,2000,20264424
step-001500,12000,coordinate,mean_margin,,,200,0.006257575750350952,0.0,0.006257575750350952,0.0029337406158447266,0.009948980808258057,92,93,15,2000,20264425
step-001500,12000,count,paired_preference,,,200,0.0,0.0,0.0,0.0,0.0,0,0,200,2000,20264434
step-001500,12000,count,mean_margin,,,200,-0.0057812540233135225,0.0,-0.0057812540233135225,-0.008437503576278687,-0.0029687538743019106,42,85,73,2000,20264435
step-001500,12000,ocr,paired_preference,,,200,0.015,0.0,0.015,0.0,0.035,3,0,197,2000,20264444
step-001500,12000,ocr,mean_margin,,,200,-0.001912658680053002,0.0,-0.001912658680053002,-0.006847245999744987,0.003125633648463647,94,106,0,2000,20264445
step-001500,12000,shape,paired_preference,,,200,0.0,0.0,0.0,0.0,0.0,0,0,200,2000,20264454
step-001500,12000,shape,mean_margin,,,200,-0.1329687276482582,0.0,-0.1329687276482582,-0.15562497764825822,-0.10937498033046722,33,167,0,2000,20264455
step-001500,12000,spatial,paired_preference,,,200,0.25,0.0,0.25,0.19,0.31,50,0,150,2000,20264464
step-001500,12000,spatial,mean_margin,,,200,0.04125004634261131,0.0,0.04125004634261131,0.033275054022669795,0.049025037586688996,100,50,50,2000,20264465
step-001500,12000,overall,paired_preference,,,1200,0.0225,0.0,0.0225,0.014166666666666666,0.030833333333333334,27,0,1173,2000,20264504
step-001500,12000,overall,mean_margin,,,1200,0.03579688713238353,0.0,0.03579688713238353,0.030569440142739383,0.04132284007860081,726,304,170,2000,20264505
step-001500,12000,color,paired_preference,,,200,0.0,0.0,0.0,0.0,0.0,0,0,200,2000,20264514
step-001500,12000,color,mean_margin,,,200,0.021562503576278688,0.0,0.021562503576278688,0.01562500387430191,0.027031256556510924,115,29,56,2000,20264515
step-001500,12000,coordinate,paired_preference,,,200,0.03,0.0,0.03,0.01,0.055,6,0,194,2000,20264524
step-001500,12000,coordinate,mean_margin,,,200,0.009200754165649415,0.0,0.009200754165649415,0.006224722862243653,0.012048242092132568,118,71,11,2000,20264525
step-001500,12000,count,paired_preference,,,200,0.0,0.0,0.0,0.0,0.0,0,0,200,2000,20264534
step-001500,12000,count,mean_margin,,,200,0.0018749970197677612,0.0,0.0018749970197677612,-0.0006249995529651642,0.004218745976686478,58,50,92,2000,20264535
step-001500,12000,ocr,paired_preference,,,200,0.0,0.0,0.0,0.0,0.0,0,0,200,2000,20264544
step-001500,12000,ocr,mean_margin,,,200,0.00398840011869159,0.0,0.00398840011869159,-0.00016614297458101724,0.00848979857989722,106,93,1,2000,20264545
step-001500,12000,shape,paired_preference,,,200,0.105,0.0,0.105,0.065,0.15,21,0,179,2000,20264554
step-001500,12000,shape,mean_margin,,,200,0.17140622258186342,0.0,0.17140622258186342,0.14796871960163116,0.19468747228384017,179,11,10,2000,20264555
step-001500,12000,spatial,paired_preference,,,200,0.0,0.0,0.0,0.0,0.0,0,0,200,2000,20264564
step-001500,12000,spatial,mean_margin,,,200,0.0067484453320503235,0.0,0.0067484453320503235,1.1320412158966064e-06,0.0133535086363554,150,50,0,2000,20264565
step-002000,16000,overall,paired_preference,,,1200,0.0,0.0,0.0,0.0,0.0,0,0,1200,2000,20264804
step-002000,16000,overall,mean_margin,,,1200,0.008085266179508633,0.0,0.008085266179508633,0.006056396536174274,0.010060914042213603,614,350,236,2000,20264805
step-002000,16000,color,paired_preference,,,200,0.0,0.0,0.0,0.0,0.0,0,0,200,2000,20264814
step-002000,16000,color,mean_margin,,,200,0.0062500017881393435,0.0,0.0062500017881393435,0.0025000011920928954,0.010000002384185792,74,37,89,2000,20264815
step-002000,16000,coordinate,paired_preference,,,200,0.0,0.0,0.0,0.0,0.0,0,0,200,2000,20264824
step-002000,16000,coordinate,mean_margin,,,200,0.0014640891551971436,0.0,0.0014640891551971436,-0.0007879877090454101,0.0036499035358428956,94,86,20,2000,20264825
step-002000,16000,count,paired_preference,,,200,0.0,0.0,0.0,0.0,0.0,0,0,200,2000,20264834
step-002000,16000,count,mean_margin,,,200,0.0031249982118606565,0.0,0.0031249982118606565,0.00046874865889549253,0.005937496721744537,62,53,85,2000,20264835
step-002000,16000,ocr,paired_preference,,,200,0.0,0.0,0.0,0.0,0.0,0,0,200,2000,20264844
step-002000,16000,ocr,mean_margin,,,200,-0.007258511622746786,0.0,-0.007258511622746786,-0.014497652576083259,-0.0010868006774357342,90,110,0,2000,20264845
step-002000,16000,shape,paired_preference,,,200,0.0,0.0,0.0,0.0,0.0,0,0,200,2000,20264854
step-002000,16000,shape,mean_margin,,,200,0.04468751966953278,0.0,0.04468751966953278,0.037968764901161196,0.05125001847743988,144,14,42,2000,20264855
step-002000,16000,spatial,paired_preference,,,200,0.0,0.0,0.0,0.0,0.0,0,0,200,2000,20264864
step-002000,16000,spatial,mean_margin,,,200,0.00024349987506866455,0.0,0.00024349987506866455,0.0001850704848766327,0.0003019361197948456,150,50,0,2000,20264865
step-002000,16000,overall,paired_preference,,,1200,0.0,0.0,0.0,0.0,0.0,0,0,1200,2000,20264904
step-002000,16000,overall,mean_margin,,,1200,0.0,0.0,0.0,0.0,0.0,0,0,1200,2000,20264905
step-002000,16000,color,paired_preference,,,200,0.0,0.0,0.0,0.0,0.0,0,0,200,2000,20264914
step-002000,16000,color,mean_margin,,,200,0.0,0.0,0.0,0.0,0.0,0,0,200,2000,20264915
step-002000,16000,coordinate,paired_preference,,,200,0.0,0.0,0.0,0.0,0.0,0,0,200,2000,20264924
step-002000,16000,coordinate,mean_margin,,,200,0.0,0.0,0.0,0.0,0.0,0,0,200,2000,20264925
step-002000,16000,count,paired_preference,,,200,0.0,0.0,0.0,0.0,0.0,0,0,200,2000,20264934
step-002000,16000,count,mean_margin,,,200,0.0,0.0,0.0,0.0,0.0,0,0,200,2000,20264935
step-002000,16000,ocr,paired_preference,,,200,0.0,0.0,0.0,0.0,0.0,0,0,200,2000,20264944
step-002000,16000,ocr,mean_margin,,,200,0.0,0.0,0.0,0.0,0.0,0,0,200,2000,20264945
step-002000,16000,shape,paired_preference,,,200,0.0,0.0,0.0,0.0,0.0,0,0,200,2000,20264954
step-002000,16000,shape,mean_margin,,,200,0.0,0.0,0.0,0.0,0.0,0,0,200,2000,20264955
step-002000,16000,spatial,paired_preference,,,200,0.0,0.0,0.0,0.0,0.0,0,0,200,2000,20264964
step-002000,16000,spatial,mean_margin,,,200,0.0,0.0,0.0,0.0,0.0,0,0,200,2000,20264965
step-002000,16000,overall,paired_preference,,,1200,0.0,0.0,0.0,0.0,0.0,0,0,1200,2000,20265004
step-002000,16000,overall,mean_margin,,,1200,0.0,0.0,0.0,0.0,0.0,0,0,1200,2000,20265005
step-002000,16000,color,paired_preference,,,200,0.0,0.0,0.0,0.0,0.0,0,0,200,2000,20265014
step-002000,16000,color,mean_margin,,,200,0.0,0.0,0.0,0.0,0.0,0,0,200,2000,20265015
step-002000,16000,coordinate,paired_preference,,,200,0.0,0.0,0.0,0.0,0.0,0,0,200,2000,20265024
step-002000,16000,coordinate,mean_margin,,,200,0.0,0.0,0.0,0.0,0.0,0,0,200,2000,20265025
step-002000,16000,count,paired_preference,,,200,0.0,0.0,0.0,0.0,0.0,0,0,200,2000,20265034
step-002000,16000,count,mean_margin,,,200,0.0,0.0,0.0,0.0,0.0,0,0,200,2000,20265035
step-002000,16000,ocr,paired_preference,,,200,0.0,0.0,0.0,0.0,0.0,0,0,200,2000,20265044
step-002000,16000,ocr,mean_margin,,,200,0.0,0.0,0.0,0.0,0.0,0,0,200,2000,20265045
step-002000,16000,shape,paired_preference,,,200,0.0,0.0,0.0,0.0,0.0,0,0,200,2000,20265054
step-002000,16000,shape,mean_margin,,,200,0.0,0.0,0.0,0.0,0.0,0,0,200,2000,20265055
step-002000,16000,spatial,paired_preference,,,200,0.0,0.0,0.0,0.0,0.0,0,0,200,2000,20265064
step-002000,16000,spatial,mean_margin,,,200,0.0,0.0,0.0,0.0,0.0,0,0,200,2000,20265065
step-002000,16000,overall,paired_preference,,,1200,0.0,0.0,0.0,0.0,0.0,0,0,1200,2000,20265104
step-002000,16000,overall,mean_margin,,,1200,0.0,0.0,0.0,0.0,0.0,0,0,1200,2000,20265105
step-002000,16000,color,paired_preference,,,200,0.0,0.0,0.0,0.0,0.0,0,0,200,2000,20265114
step-002000,16000,color,mean_margin,,,200,0.0,0.0,0.0,0.0,0.0,0,0,200,2000,20265115
step-002000,16000,coordinate,paired_preference,,,200,0.0,0.0,0.0,0.0,0.0,0,0,200,2000,20265124
step-002000,16000,coordinate,mean_margin,,,200,0.0,0.0,0.0,0.0,0.0,0,0,200,2000,20265125
step-002000,16000,count,paired_preference,,,200,0.0,0.0,0.0,0.0,0.0,0,0,200,2000,20265134
step-002000,16000,count,mean_margin,,,200,0.0,0.0,0.0,0.0,0.0,0,0,200,2000,20265135
step-002000,16000,ocr,paired_preference,,,200,0.0,0.0,0.0,0.0,0.0,0,0,200,2000,20265144
step-002000,16000,ocr,mean_margin,,,200,0.0,0.0,0.0,0.0,0.0,0,0,200,2000,20265145
step-002000,16000,shape,paired_preference,,,200,0.0,0.0,0.0,0.0,0.0,0,0,200,2000,20265154
step-002000,16000,shape,mean_margin,,,200,0.0,0.0,0.0,0.0,0.0,0,0,200,2000,20265155
step-002000,16000,spatial,paired_preference,,,200,0.0,0.0,0.0,0.0,0.0,0,0,200,2000,20265164
step-002000,16000,spatial,mean_margin,,,200,0.0,0.0,0.0,0.0,0.0,0,0,200,2000,20265165
step-002000,16000,overall,paired_preference,,,1200,0.0016666666666666668,0.0,0.0016666666666666668,0.0,0.004166666666666667,2,0,1198,2000,20265204
step-002000,16000,overall,mean_margin,,,1200,-0.0013049340903285944,0.0,-0.0013049340903285944,-0.003566746610615931,0.0007608162110286988,458,437,305,2000,20265205
step-002000,16000,color,paired_preference,,,200,0.0,0.0,0.0,0.0,0.0,0,0,200,2000,20265214
step-002000,16000,color,mean_margin,,,200,-0.003437500596046448,0.0,-0.003437500596046448,-0.008281253576278687,0.0009374994039535522,51,64,85,2000,20265215
step-002000,16000,coordinate,paired_preference,,,200,0.01,0.0,0.01,0.0,0.025,2,0,198,2000,20265224
step-002000,16000,coordinate,mean_margin,,,200,-0.0009780120849609375,0.0,-0.0009780120849609375,-0.0033410358428955077,0.001541576385498047,79,88,33,2000,20265225
step-002000,16000,count,paired_preference,,,200,0.0,0.0,0.0,0.0,0.0,0,0,200,2000,20265234
step-002000,16000,count,mean_margin,,,200,-0.0007812482118606567,0.0,-0.0007812482118606567,-0.0034374967217445374,0.0017187516391277313,54,54,92,2000,20265235
step-002000,16000,ocr,paired_preference,,,200,0.0,0.0,0.0,0.0,0.0,0,0,200,2000,20265244
step-002000,16000,ocr,mean_margin,,,200,0.0005043998899914004,0.0,0.0005043998899914004,-0.006637815804708549,0.007673962683904765,100,100,0,2000,20265245
step-002000,16000,shape,paired_preference,,,200,0.0,0.0,0.0,0.0,0.0,0,0,200,2000,20265254
step-002000,16000,shape,mean_margin,,,200,-0.0010937541723251344,0.0,-0.0010937541723251344,-0.008281259536743165,0.0057812464237213135,74,81,45,2000,20265255
step-002000,16000,spatial,paired_preference,,,200,0.0,0.0,0.0,0.0,0.0,0,0,200,2000,20265264
step-002000,16000,spatial,mean_margin,,,200,-0.0020434893667697906,0.0,-0.0020434893667697906,-0.008048272877931594,0.0036079241335392,100,50,50,2000,20265265
step-002000,16000,overall,paired_preference,,,1200,0.0275,0.0,0.0275,0.018333333333333333,0.0375,33,0,1167,2000,20265304
step-002000,16000,overall,mean_margin,,,1200,0.007855908369142857,0.0,0.007855908369142857,-0.0004961047890403923,0.016399934913903947,561,519,120,2000,20265305
step-002000,16000,color,paired_preference,,,200,0.075,0.0,0.075,0.04,0.115,15,0,185,2000,20265314
step-002000,16000,color,mean_margin,,,200,0.008906250894069672,0.0,0.008906250894069672,-0.0056249997019767765,0.022500003576278686,96,75,29,2000,20265315
step-002000,16000,coordinate,paired_preference,,,200,0.015,0.0,0.015,0.0,0.035,3,0,197,2000,20265324
step-002000,16000,coordinate,mean_margin,,,200,0.017660661935806274,0.0,0.017660661935806274,0.0007733440399169922,0.034522125720977785,104,93,3,2000,20265325
step-002000,16000,count,paired_preference,,,200,0.0,0.0,0.0,0.0,0.0,0,0,200,2000,20265334
step-002000,16000,count,mean_margin,,,200,0.005,0.0,0.005,0.0014062492549419402,0.008593751043081283,74,54,72,2000,20265335
step-002000,16000,ocr,paired_preference,,,200,0.01,0.0,0.01,0.0,0.025,2,0,198,2000,20265344
step-002000,16000,ocr,mean_margin,,,200,-0.015793195917492824,0.0,-0.015793195917492824,-0.0355437801224845,0.00406249265443712,91,109,0,2000,20265345
step-002000,16000,shape,paired_preference,,,200,0.0,0.0,0.0,0.0,0.0,0,0,200,2000,20265354
step-002000,16000,shape,mean_margin,,,200,0.03593749970197677,0.0,0.03593749970197677,0.0006250095367431641,0.06968750268220901,103,88,9,2000,20265355
step-002000,16000,spatial,paired_preference,,,200,0.065,0.0,0.065,0.035,0.1,13,0,187,2000,20265364
step-002000,16000,spatial,mean_margin,,,200,-0.004575766399502754,0.0,-0.004575766399502754,-0.020295364782214165,0.012013561055064202,93,100,7,2000,20265365
step-002000,16000,overall,paired_preference,,,1200,0.0008333333333333334,0.0,0.0008333333333333334,0.0,0.0025,1,0,1199,2000,20265404
step-002000,16000,overall,mean_margin,,,1200,-0.008085266179508633,0.0,-0.008085266179508633,-0.01027419755525059,-0.006057850802465095,350,614,236,2000,20265405
step-002000,16000,color,paired_preference,,,200,0.0,0.0,0.0,0.0,0.0,0,0,200,2000,20265414
step-002000,16000,color,mean_margin,,,200,-0.0062500017881393435,0.0,-0.0062500017881393435,-0.010156250596046447,-0.0023437511920928957,37,74,89,2000,20265415
step-002000,16000,coordinate,paired_preference,,,200,0.0,0.0,0.0,0.0,0.0,0,0,200,2000,20265424
step-002000,16000,coordinate,mean_margin,,,200,-0.0014640891551971436,0.0,-0.0014640891551971436,-0.0036647510528564453,0.0006809759140014648,86,94,20,2000,20265425
step-002000,16000,count,paired_preference,,,200,0.0,0.0,0.0,0.0,0.0,0,0,200,2000,20265434
step-002000,16000,count,mean_margin,,,200,-0.0031249982118606565,0.0,-0.0031249982118606565,-0.005781248509883881,-0.0006249934434890747,53,62,85,2000,20265435
step-002000,16000,ocr,paired_preference,,,200,0.005,0.0,0.005,0.0,0.015,1,0,199,2000,20265444
step-002000,16000,ocr,mean_margin,,,200,0.007258511622746786,0.0,0.007258511622746786,0.000767098722003764,0.014251952977407561,110,90,0,2000,20265445
step-002000,16000,shape,paired_preference,,,200,0.0,0.0,0.0,0.0,0.0,0,0,200,2000,20265454
step-002000,16000,shape,mean_margin,,,200,-0.04468751966953278,0.0,-0.04468751966953278,-0.05109376549720764,-0.038437517881393435,14,144,42,2000,20265455
step-002000,16000,spatial,paired_preference,,,200,0.0,0.0,0.0,0.0,0.0,0,0,200,2000,20265464
step-002000,16000,spatial,mean_margin,,,200,-0.00024349987506866455,0.0,-0.00024349987506866455,-0.0003019338846206665,-0.00018992990255355834,50,150,0,2000,20265465
step-002000,16000,overall,paired_preference,,,1200,0.0008333333333333334,0.0,0.0008333333333333334,0.0,0.0025,1,0,1199,2000,20265504
step-002000,16000,overall,mean_margin,,,1200,-0.002892296482173223,0.0,-0.002892296482173223,-0.0049893241498678445,-0.0009326075521253387,461,455,284,2000,20265505
step-002000,16000,color,paired_preference,,,200,0.0,0.0,0.0,0.0,0.0,0,0,200,2000,20265514
step-002000,16000,color,mean_margin,,,200,-0.00625,0.0,-0.00625,-0.0103125,-0.001875,41,76,83,2000,20265515
step-002000,16000,coordinate,paired_preference,,,200,0.0,0.0,0.0,0.0,0.0,0,0,200,2000,20265524
step-002000,16000,coordinate,mean_margin,,,200,0.009761320352554321,0.0,0.009761320352554321,0.006787796020507813,0.012555869817733765,118,67,15,2000,20265525
step-002000,16000,count,paired_preference,,,200,0.0,0.0,0.0,0.0,0.0,0,0,200,2000,20265534
step-002000,16000,count,mean_margin,,,200,0.0014062555134296418,0.0,0.0014062555134296418,-0.0012499931454658508,0.003906255811452866,57,41,102,2000,20265535
step-002000,16000,ocr,paired_preference,,,200,0.005,0.0,0.005,0.0,0.015,1,0,199,2000,20265544
step-002000,16000,ocr,mean_margin,,,200,-0.0005748928728557767,0.0,-0.0005748928728557767,-0.0059785747073945765,0.004731014331181858,105,95,0,2000,20265545
step-002000,16000,shape,paired_preference,,,200,0.0,0.0,0.0,0.0,0.0,0,0,200,2000,20265554
step-002000,16000,shape,mean_margin,,,200,0.0026562637090682983,0.0,0.0026562637090682983,-0.005156234502792358,0.010468757152557373,90,76,34,2000,20265555
step-002000,16000,spatial,paired_preference,,,200,0.0,0.0,0.0,0.0,0.0,0,0,200,2000,20265564
step-002000,16000,spatial,mean_margin,,,200,-0.024352725595235825,0.0,-0.024352725595235825,-0.029794681817293167,-0.018975498750805855,50,100,50,2000,20265565
