modality,state,interpolation_alpha,condition,task,metric,pairs,mean
preference,frozen-base,,paired_counterfactual_image,overall,paired_preference,300,0.0
preference,frozen-base,,paired_counterfactual_image,overall,sample_preference,300,0.37666666666666665
preference,frozen-base,,paired_counterfactual_image,overall,mean_margin,300,-0.9734171475414483
preference,frozen-base,,paired_counterfactual_image,color,paired_preference,50,0.0
preference,frozen-base,,paired_counterfactual_image,color,sample_preference,50,0.39
preference,frozen-base,,paired_counterfactual_image,color,mean_margin,50,-0.6025000107288361
preference,frozen-base,,paired_counterfactual_image,coordinate,paired_preference,50,0.0
preference,frozen-base,,paired_counterfactual_image,coordinate,sample_preference,50,0.49
preference,frozen-base,,paired_counterfactual_image,coordinate,mean_margin,50,-0.06475747108459473
preference,frozen-base,,paired_counterfactual_image,count,paired_preference,50,0.0
preference,frozen-base,,paired_counterfactual_image,count,sample_preference,50,0.37
preference,frozen-base,,paired_counterfactual_image,count,mean_margin,50,-0.04437500238418579
preference,frozen-base,,paired_counterfactual_image,ocr,paired_preference,50,0.0
preference,frozen-base,,paired_counterfactual_image,ocr,sample_preference,50,0.45
preference,frozen-base,,paired_counterfactual_image,ocr,mean_margin,50,-0.48191123176756356
preference,frozen-base,,paired_counterfactual_image,shape,paired_preference,50,0.0
preference,frozen-base,,paired_counterfactual_image,shape,sample_preference,50,0.19
preference,frozen-base,,paired_counterfactual_image,shape,mean_margin,50,-4.506875047013164
preference,frozen-base,,paired_counterfactual_image,spatial,paired_preference,50,0.0
preference,frozen-base,,paired_counterfactual_image,spatial,sample_preference,50,0.37
preference,frozen-base,,paired_counterfactual_image,spatial,mean_margin,50,-0.1400841222703457
preference,frozen-base,,shuffled_image,overall,paired_preference,300,0.043333333333333335
preference,frozen-base,,shuffled_image,overall,sample_preference,300,0.4583333333333333
preference,frozen-base,,shuffled_image,overall,mean_margin,300,-0.02903409248791517
preference,frozen-base,,shuffled_image,color,paired_preference,50,0.08
preference,frozen-base,,shuffled_image,color,sample_preference,50,0.44
preference,frozen-base,,shuffled_image,color,mean_margin,50,-0.07000000834465027
preference,frozen-base,,shuffled_image,coordinate,paired_preference,50,0.0
preference,frozen-base,,shuffled_image,coordinate,sample_preference,50,0.5
preference,frozen-base,,shuffled_image,coordinate,mean_margin,50,0.0033815908432006836
preference,frozen-base,,shuffled_image,count,paired_preference,50,0.04
preference,frozen-base,,shuffled_image,count,sample_preference,50,0.44
preference,frozen-base,,shuffled_image,count,mean_margin,50,0.00125
preference,frozen-base,,shuffled_image,ocr,paired_preference,50,0.0
preference,frozen-base,,shuffled_image,ocr,sample_preference,50,0.48
preference,frozen-base,,shuffled_image,ocr,mean_margin,50,-0.049624264535449825
preference,frozen-base,,shuffled_image,shape,paired_preference,50,0.14
preference,frozen-base,,shuffled_image,shape,sample_preference,50,0.52
preference,frozen-base,,shuffled_image,shape,mean_margin,50,0.051875000819563866
preference,frozen-base,,shuffled_image,spatial,paired_preference,50,0.0
preference,frozen-base,,shuffled_image,spatial,sample_preference,50,0.37
preference,frozen-base,,shuffled_image,spatial,mean_margin,50,-0.11108687371015549
preference,frozen-base,,vision,overall,paired_preference,300,0.22
preference,frozen-base,,vision,overall,sample_preference,300,0.6066666666666667
preference,frozen-base,,vision,overall,mean_margin,300,0.9734171475414483
preference,frozen-base,,vision,color,paired_preference,50,0.22
preference,frozen-base,,vision,color,sample_preference,50,0.61
preference,frozen-base,,vision,color,mean_margin,50,0.6025000107288361
preference,frozen-base,,vision,coordinate,paired_preference,50,0.02
preference,frozen-base,,vision,coordinate,sample_preference,50,0.51
preference,frozen-base,,vision,coordinate,mean_margin,50,0.06475747108459473
preference,frozen-base,,vision,count,paired_preference,50,0.16
preference,frozen-base,,vision,count,sample_preference,50,0.56
preference,frozen-base,,vision,count,mean_margin,50,0.04437500238418579
preference,frozen-base,,vision,ocr,paired_preference,50,0.1
preference,frozen-base,,vision,ocr,sample_preference,50,0.55
preference,frozen-base,,vision,ocr,mean_margin,50,0.48191123176756356
preference,frozen-base,,vision,shape,paired_preference,50,0.56
preference,frozen-base,,vision,shape,sample_preference,50,0.78
preference,frozen-base,,vision,shape,mean_margin,50,4.506875047013164
preference,frozen-base,,vision,spatial,paired_preference,50,0.26
preference,frozen-base,,vision,spatial,sample_preference,50,0.63
preference,frozen-base,,vision,spatial,mean_margin,50,0.1400841222703457
preference,projector-interp000,0.0,paired_counterfactual_image,overall,paired_preference,300,0.01
preference,projector-interp000,0.0,paired_counterfactual_image,overall,sample_preference,300,0.23
preference,projector-interp000,0.0,paired_counterfactual_image,overall,mean_margin,300,-1.8123680175723516
preference,projector-interp000,0.0,paired_counterfactual_image,color,paired_preference,50,0.0
preference,projector-interp000,0.0,paired_counterfactual_image,color,sample_preference,50,0.19
preference,projector-interp000,0.0,paired_counterfactual_image,color,mean_margin,50,-2.056249995082617
preference,projector-interp000,0.0,paired_counterfactual_image,coordinate,paired_preference,50,0.0
preference,projector-interp000,0.0,paired_counterfactual_image,coordinate,sample_preference,50,0.28
preference,projector-interp000,0.0,paired_counterfactual_image,coordinate,mean_margin,50,-0.711889134645462
preference,projector-interp000,0.0,paired_counterfactual_image,count,paired_preference,50,0.06
preference,projector-interp000,0.0,paired_counterfactual_image,count,sample_preference,50,0.28
preference,projector-interp000,0.0,paired_counterfactual_image,count,mean_margin,50,-0.3656249940395355
preference,projector-interp000,0.0,paired_counterfactual_image,ocr,paired_preference,50,0.0
preference,projector-interp000,0.0,paired_counterfactual_image,ocr,sample_preference,50,0.41
preference,projector-interp000,0.0,paired_counterfactual_image,ocr,mean_margin,50,-0.6160619808378673
preference,projector-interp000,0.0,paired_counterfactual_image,shape,paired_preference,50,0.0
preference,projector-interp000,0.0,paired_counterfactual_image,shape,sample_preference,50,0.09
preference,projector-interp000,0.0,paired_counterfactual_image,shape,mean_margin,50,-6.159374992365483
preference,projector-interp000,0.0,paired_counterfactual_image,spatial,paired_preference,50,0.0
preference,projector-interp000,0.0,paired_counterfactual_image,spatial,sample_preference,50,0.13
preference,projector-interp000,0.0,paired_counterfactual_image,spatial,mean_margin,50,-0.9650070084631444
preference,projector-interp000,0.0,shuffled_image,overall,paired_preference,300,0.12666666666666668
preference,projector-interp000,0.0,shuffled_image,overall,sample_preference,300,0.4483333333333333
preference,projector-interp000,0.0,shuffled_image,overall,mean_margin,300,-0.08981311590036391
preference,projector-interp000,0.0,shuffled_image,color,paired_preference,50,0.16
preference,projector-interp000,0.0,shuffled_image,color,sample_preference,50,0.46
preference,projector-interp000,0.0,shuffled_image,color,mean_margin,50,-0.12437498331069946
preference,projector-interp000,0.0,shuffled_image,coordinate,paired_preference,50,0.16
preference,projector-interp000,0.0,shuffled_image,coordinate,sample_preference,50,0.56
preference,projector-interp000,0.0,shuffled_image,coordinate,mean_margin,50,0.05478391379117966
preference,projector-interp000,0.0,shuffled_image,count,paired_preference,50,0.12
preference,projector-interp000,0.0,shuffled_image,count,sample_preference,50,0.46
preference,projector-interp000,0.0,shuffled_image,count,mean_margin,50,0.0012499994039535522
preference,projector-interp000,0.0,shuffled_image,ocr,paired_preference,50,0.1
preference,projector-interp000,0.0,shuffled_image,ocr,sample_preference,50,0.53
preference,projector-interp000,0.0,shuffled_image,ocr,mean_margin,50,-0.020128699325379844
preference,projector-interp000,0.0,shuffled_image,shape,paired_preference,50,0.22
preference,projector-interp000,0.0,shuffled_image,shape,sample_preference,50,0.55
preference,projector-interp000,0.0,shuffled_image,shape,mean_margin,50,0.26374995325924827
preference,projector-interp000,0.0,shuffled_image,spatial,paired_preference,50,0.0
preference,projector-interp000,0.0,shuffled_image,spatial,sample_preference,50,0.13
preference,projector-interp000,0.0,shuffled_image,spatial,mean_margin,50,-0.7141588792204857
preference,projector-interp000,0.0,vision,overall,paired_preference,300,0.5266666666666666
preference,projector-interp000,0.0,vision,overall,sample_preference,300,0.7583333333333333
preference,projector-interp000,0.0,vision,overall,mean_margin,300,1.8123680175723516
preference,projector-interp000,0.0,vision,color,paired_preference,50,0.58
preference,projector-interp000,0.0,vision,color,sample_preference,50,0.79
preference,projector-interp000,0.0,vision,color,mean_margin,50,2.056249995082617
preference,projector-interp000,0.0,vision,coordinate,paired_preference,50,0.44
preference,projector-interp000,0.0,vision,coordinate,sample_preference,50,0.72
preference,projector-interp000,0.0,vision,coordinate,mean_margin,50,0.711889134645462
preference,projector-interp000,0.0,vision,count,paired_preference,50,0.42
preference,projector-interp000,0.0,vision,count,sample_preference,50,0.68
preference,projector-interp000,0.0,vision,count,mean_margin,50,0.3656249940395355
preference,projector-interp000,0.0,vision,ocr,paired_preference,50,0.18
preference,projector-interp000,0.0,vision,ocr,sample_preference,50,0.59
preference,projector-interp000,0.0,vision,ocr,mean_margin,50,0.6160619808378673
preference,projector-interp000,0.0,vision,shape,paired_preference,50,0.8
preference,projector-interp000,0.0,vision,shape,sample_preference,50,0.9
preference,projector-interp000,0.0,vision,shape,mean_margin,50,6.159374992365483
preference,projector-interp000,0.0,vision,spatial,paired_preference,50,0.74
preference,projector-interp000,0.0,vision,spatial,sample_preference,50,0.87
preference,projector-interp000,0.0,vision,spatial,mean_margin,50,0.9650070084631444
preference,projector-interp025,0.25,paired_counterfactual_image,overall,paired_preference,300,0.01
preference,projector-interp025,0.25,paired_counterfactual_image,overall,sample_preference,300,0.22333333333333333
preference,projector-interp025,0.25,paired_counterfactual_image,overall,mean_margin,300,-2.0467922836402432
preference,projector-interp025,0.25,paired_counterfactual_image,color,paired_preference,50,0.0
preference,projector-interp025,0.25,paired_counterfactual_image,color,sample_preference,50,0.17
preference,projector-interp025,0.25,paired_counterfactual_image,color,mean_margin,50,-2.448124999459833
preference,projector-interp025,0.25,paired_counterfactual_image,coordinate,paired_preference,50,0.0
preference,projector-interp025,0.25,paired_counterfactual_image,coordinate,sample_preference,50,0.26
preference,projector-interp025,0.25,paired_counterfactual_image,coordinate,mean_margin,50,-0.9244697690010071
preference,projector-interp025,0.25,paired_counterfactual_image,count,paired_preference,50,0.06
preference,projector-interp025,0.25,paired_counterfactual_image,count,sample_preference,50,0.34
preference,projector-interp025,0.25,paired_counterfactual_image,count,mean_margin,50,-0.3874999988079071
preference,projector-interp025,0.25,paired_counterfactual_image,ocr,paired_preference,50,0.0
preference,projector-interp025,0.25,paired_counterfactual_image,ocr,sample_preference,50,0.42
preference,projector-interp025,0.25,paired_counterfactual_image,ocr,mean_margin,50,-0.6840616655349732
preference,projector-interp025,0.25,paired_counterfactual_image,shape,paired_preference,50,0.0
preference,projector-interp025,0.25,paired_counterfactual_image,shape,sample_preference,50,0.15
preference,projector-interp025,0.25,paired_counterfactual_image,shape,mean_margin,50,-6.275312450760976
preference,projector-interp025,0.25,paired_counterfactual_image,spatial,paired_preference,50,0.0
preference,projector-interp025,0.25,paired_counterfactual_image,spatial,sample_preference,50,0.0
preference,projector-interp025,0.25,paired_counterfactual_image,spatial,mean_margin,50,-1.561284818276763
preference,projector-interp025,0.25,shuffled_image,overall,paired_preference,300,0.12666666666666668
preference,projector-interp025,0.25,shuffled_image,overall,sample_preference,300,0.44666666666666666
preference,projector-interp025,0.25,shuffled_image,overall,mean_margin,300,-0.1548750104943645
preference,projector-interp025,0.25,shuffled_image,color,paired_preference,50,0.18
preference,projector-interp025,0.25,shuffled_image,color,sample_preference,50,0.47
preference,projector-interp025,0.25,shuffled_image,color,mean_margin,50,-0.113125019967556
preference,projector-interp025,0.25,shuffled_image,coordinate,paired_preference,50,0.12
preference,projector-interp025,0.25,shuffled_image,coordinate,sample_preference,50,0.53
preference,projector-interp025,0.25,shuffled_image,coordinate,mean_margin,50,0.07601957321166992
preference,projector-interp025,0.25,shuffled_image,count,paired_preference,50,0.14
preference,projector-interp025,0.25,shuffled_image,count,sample_preference,50,0.49
preference,projector-interp025,0.25,shuffled_image,count,mean_margin,50,-0.004375006556510925
preference,projector-interp025,0.25,shuffled_image,ocr,paired_preference,50,0.1
preference,projector-interp025,0.25,shuffled_image,ocr,sample_preference,50,0.52
preference,projector-interp025,0.25,shuffled_image,ocr,mean_margin,50,-0.016769970144544337
preference,projector-interp025,0.25,shuffled_image,shape,paired_preference,50,0.22
preference,projector-interp025,0.25,shuffled_image,shape,sample_preference,50,0.54
preference,projector-interp025,0.25,shuffled_image,shape,mean_margin,50,0.24593752545304595
preference,projector-interp025,0.25,shuffled_image,spatial,paired_preference,50,0.0
preference,projector-interp025,0.25,shuffled_image,spatial,sample_preference,50,0.13
preference,projector-interp025,0.25,shuffled_image,spatial,mean_margin,50,-1.1169371649622917
preference,projector-interp025,0.25,vision,overall,paired_preference,300,0.5333333333333333
preference,projector-interp025,0.25,vision,overall,sample_preference,300,0.7616666666666667
preference,projector-interp025,0.25,vision,overall,mean_margin,300,2.0467922836402432
preference,projector-interp025,0.25,vision,color,paired_preference,50,0.6
preference,projector-interp025,0.25,vision,color,sample_preference,50,0.8
preference,projector-interp025,0.25,vision,color,mean_margin,50,2.448124999459833
preference,projector-interp025,0.25,vision,coordinate,paired_preference,50,0.48
preference,projector-interp025,0.25,vision,coordinate,sample_preference,50,0.74
preference,projector-interp025,0.25,vision,coordinate,mean_margin,50,0.9244697690010071
preference,projector-interp025,0.25,vision,count,paired_preference,50,0.26
preference,projector-interp025,0.25,vision,count,sample_preference,50,0.6
preference,projector-interp025,0.25,vision,count,mean_margin,50,0.3874999988079071
preference,projector-interp025,0.25,vision,ocr,paired_preference,50,0.16
preference,projector-interp025,0.25,vision,ocr,sample_preference,50,0.58
preference,projector-interp025,0.25,vision,ocr,mean_margin,50,0.6840616655349732
preference,projector-interp025,0.25,vision,shape,paired_preference,50,0.7
preference,projector-interp025,0.25,vision,shape,sample_preference,50,0.85
preference,projector-interp025,0.25,vision,shape,mean_margin,50,6.275312450760976
preference,projector-interp025,0.25,vision,spatial,paired_preference,50,1.0
preference,projector-interp025,0.25,vision,spatial,sample_preference,50,1.0
preference,projector-interp025,0.25,vision,spatial,mean_margin,50,1.561284818276763
preference,projector-interp050,0.5,paired_counterfactual_image,overall,paired_preference,300,0.01
preference,projector-interp050,0.5,paired_counterfactual_image,overall,sample_preference,300,0.22666666666666666
preference,projector-interp050,0.5,paired_counterfactual_image,overall,mean_margin,300,-2.250812241594377
preference,projector-interp050,0.5,paired_counterfactual_image,color,paired_preference,50,0.0
preference,projector-interp050,0.5,paired_counterfactual_image,color,sample_preference,50,0.12
preference,projector-interp050,0.5,paired_counterfactual_image,color,mean_margin,50,-2.8343750092061235
preference,projector-interp050,0.5,paired_counterfactual_image,coordinate,paired_preference,50,0.0
preference,projector-interp050,0.5,paired_counterfactual_image,coordinate,sample_preference,50,0.24
preference,projector-interp050,0.5,paired_counterfactual_image,coordinate,mean_margin,50,-1.1652903932332992
preference,projector-interp050,0.5,paired_counterfactual_image,count,paired_preference,50,0.06
preference,projector-interp050,0.5,paired_counterfactual_image,count,sample_preference,50,0.43
preference,projector-interp050,0.5,paired_counterfactual_image,count,mean_margin,50,-0.3818749940395355
preference,projector-interp050,0.5,paired_counterfactual_image,ocr,paired_preference,50,0.0
preference,projector-interp050,0.5,paired_counterfactual_image,ocr,sample_preference,50,0.4
preference,projector-interp050,0.5,paired_counterfactual_image,ocr,mean_margin,50,-0.7271896489234198
preference,projector-interp050,0.5,paired_counterfactual_image,shape,paired_preference,50,0.0
preference,projector-interp050,0.5,paired_counterfactual_image,shape,sample_preference,50,0.17
preference,projector-interp050,0.5,paired_counterfactual_image,shape,mean_margin,50,-6.097187495299149
preference,projector-interp050,0.5,paired_counterfactual_image,spatial,paired_preference,50,0.0
preference,projector-interp050,0.5,paired_counterfactual_image,spatial,sample_preference,50,0.0
preference,projector-interp050,0.5,paired_counterfactual_image,spatial,mean_margin,50,-2.2989559088647367
preference,projector-interp050,0.5,shuffled_image,overall,paired_preference,300,0.13333333333333333
preference,projector-interp050,0.5,shuffled_image,overall,sample_preference,300,0.44
preference,projector-interp050,0.5,shuffled_image,overall,mean_margin,300,-0.22579795524108756
preference,projector-interp050,0.5,shuffled_image,color,paired_preference,50,0.24
preference,projector-interp050,0.5,shuffled_image,color,sample_preference,50,0.47
preference,projector-interp050,0.5,shuffled_image,color,mean_margin,50,-0.08687501892447472
preference,projector-interp050,0.5,shuffled_image,coordinate,paired_preference,50,0.14
preference,projector-interp050,0.5,shuffled_image,coordinate,sample_preference,50,0.53
preference,projector-interp050,0.5,shuffled_image,coordinate,mean_margin,50,0.09687761425971984
preference,projector-interp050,0.5,shuffled_image,count,paired_preference,50,0.14
preference,projector-interp050,0.5,shuffled_image,count,sample_preference,50,0.45
preference,projector-interp050,0.5,shuffled_image,count,mean_margin,50,-0.014374998211860657
preference,projector-interp050,0.5,shuffled_image,ocr,paired_preference,50,0.12
preference,projector-interp050,0.5,shuffled_image,ocr,sample_preference,50,0.54
preference,projector-interp050,0.5,shuffled_image,ocr,mean_margin,50,-0.01878405080522811
preference,projector-interp050,0.5,shuffled_image,shape,paired_preference,50,0.16
preference,projector-interp050,0.5,shuffled_image,shape,sample_preference,50,0.52
preference,projector-interp050,0.5,shuffled_image,shape,mean_margin,50,0.25156252421205866
preference,projector-interp050,0.5,shuffled_image,spatial,paired_preference,50,0.0
preference,projector-interp050,0.5,shuffled_image,spatial,sample_preference,50,0.13
preference,projector-interp050,0.5,shuffled_image,spatial,mean_margin,50,-1.5831938019767404
preference,projector-interp050,0.5,vision,overall,paired_preference,300,0.5266666666666666
preference,projector-interp050,0.5,vision,overall,sample_preference,300,0.7566666666666667
preference,projector-interp050,0.5,vision,overall,mean_margin,300,2.250812241594377
preference,projector-interp050,0.5,vision,color,paired_preference,50,0.68
preference,projector-interp050,0.5,vision,color,sample_preference,50,0.84
preference,projector-interp050,0.5,vision,color,mean_margin,50,2.8343750092061235
preference,projector-interp050,0.5,vision,coordinate,paired_preference,50,0.5
preference,projector-interp050,0.5,vision,coordinate,sample_preference,50,0.75
preference,projector-interp050,0.5,vision,coordinate,mean_margin,50,1.1652903932332992
preference,projector-interp050,0.5,vision,count,paired_preference,50,0.14
preference,projector-interp050,0.5,vision,count,sample_preference,50,0.53
preference,projector-interp050,0.5,vision,count,mean_margin,50,0.3818749940395355
preference,projector-interp050,0.5,vision,ocr,paired_preference,50,0.2
preference,projector-interp050,0.5,vision,ocr,sample_preference,50,0.6
preference,projector-interp050,0.5,vision,ocr,mean_margin,50,0.7271896489234198
preference,projector-interp050,0.5,vision,shape,paired_preference,50,0.64
preference,projector-interp050,0.5,vision,shape,sample_preference,50,0.82
preference,projector-interp050,0.5,vision,shape,mean_margin,50,6.097187495299149
preference,projector-interp050,0.5,vision,spatial,paired_preference,50,1.0
preference,projector-interp050,0.5,vision,spatial,sample_preference,50,1.0
preference,projector-interp050,0.5,vision,spatial,mean_margin,50,2.2989559088647367
preference,projector-interp075,0.75,paired_counterfactual_image,overall,paired_preference,300,0.013333333333333334
preference,projector-interp075,0.75,paired_counterfactual_image,overall,sample_preference,300,0.24166666666666667
preference,projector-interp075,0.75,paired_counterfactual_image,overall,mean_margin,300,-2.4143689127496466
preference,projector-interp075,0.75,paired_counterfactual_image,color,paired_preference,50,0.0
preference,projector-interp075,0.75,paired_counterfactual_image,color,sample_preference,50,0.12
preference,projector-interp075,0.75,paired_counterfactual_image,color,mean_margin,50,-3.204375007872004
preference,projector-interp075,0.75,paired_counterfactual_image,coordinate,paired_preference,50,0.0
preference,projector-interp075,0.75,paired_counterfactual_image,coordinate,sample_preference,50,0.22
preference,projector-interp075,0.75,paired_counterfactual_image,coordinate,mean_margin,50,-1.3981344178318977
preference,projector-interp075,0.75,paired_counterfactual_image,count,paired_preference,50,0.08
preference,projector-interp075,0.75,paired_counterfactual_image,count,sample_preference,50,0.45
preference,projector-interp075,0.75,paired_counterfactual_image,count,mean_margin,50,-0.36812500417232513
preference,projector-interp075,0.75,paired_counterfactual_image,ocr,paired_preference,50,0.0
preference,projector-interp075,0.75,paired_counterfactual_image,ocr,sample_preference,50,0.4
preference,projector-interp075,0.75,paired_counterfactual_image,ocr,mean_margin,50,-0.7549968341418675
preference,projector-interp075,0.75,paired_counterfactual_image,shape,paired_preference,50,0.0
preference,projector-interp075,0.75,paired_counterfactual_image,shape,sample_preference,50,0.26
preference,projector-interp075,0.75,paired_counterfactual_image,shape,mean_margin,50,-5.641562482696027
preference,projector-interp075,0.75,paired_counterfactual_image,spatial,paired_preference,50,0.0
preference,projector-interp075,0.75,paired_counterfactual_image,spatial,sample_preference,50,0.0
preference,projector-interp075,0.75,paired_counterfactual_image,spatial,mean_margin,50,-3.1190197297837585
preference,projector-interp075,0.75,shuffled_image,overall,paired_preference,300,0.13666666666666666
preference,projector-interp075,0.75,shuffled_image,overall,sample_preference,300,0.445
preference,projector-interp075,0.75,shuffled_image,overall,mean_margin,300,-0.27375784292423894
preference,projector-interp075,0.75,shuffled_image,color,paired_preference,50,0.26
preference,projector-interp075,0.75,shuffled_image,color,sample_preference,50,0.51
preference,projector-interp075,0.75,shuffled_image,color,mean_margin,50,-0.045000024363398554
preference,projector-interp075,0.75,shuffled_image,coordinate,paired_preference,50,0.16
preference,projector-interp075,0.75,shuffled_image,coordinate,sample_preference,50,0.53
preference,projector-interp075,0.75,shuffled_image,coordinate,mean_margin,50,0.12127563208341599
preference,projector-interp075,0.75,shuffled_image,count,paired_preference,50,0.16
preference,projector-interp075,0.75,shuffled_image,count,sample_preference,50,0.46
preference,projector-interp075,0.75,shuffled_image,count,mean_margin,50,-0.026249985992908478
preference,projector-interp075,0.75,shuffled_image,ocr,paired_preference,50,0.1
preference,projector-interp075,0.75,shuffled_image,ocr,sample_preference,50,0.53
preference,projector-interp075,0.75,shuffled_image,ocr,mean_margin,50,-0.019062045733133956
preference,projector-interp075,0.75,shuffled_image,shape,paired_preference,50,0.14
preference,projector-interp075,0.75,shuffled_image,shape,sample_preference,50,0.51
preference,projector-interp075,0.75,shuffled_image,shape,mean_margin,50,0.33156249969266355
preference,projector-interp075,0.75,shuffled_image,spatial,paired_preference,50,0.0
preference,projector-interp075,0.75,shuffled_image,spatial,sample_preference,50,0.13
preference,projector-interp075,0.75,shuffled_image,spatial,mean_margin,50,-2.005073133232072
preference,projector-interp075,0.75,vision,overall,paired_preference,300,0.5233333333333333
preference,projector-interp075,0.75,vision,overall,sample_preference,300,0.755
preference,projector-interp075,0.75,vision,overall,mean_margin,300,2.4143689127496466
preference,projector-interp075,0.75,vision,color,paired_preference,50,0.76
preference,projector-interp075,0.75,vision,color,sample_preference,50,0.88
preference,projector-interp075,0.75,vision,color,mean_margin,50,3.204375007872004
preference,projector-interp075,0.75,vision,coordinate,paired_preference,50,0.56
preference,projector-interp075,0.75,vision,coordinate,sample_preference,50,0.78
preference,projector-interp075,0.75,vision,coordinate,mean_margin,50,1.3981344178318977
preference,projector-interp075,0.75,vision,count,paired_preference,50,0.14
preference,projector-interp075,0.75,vision,count,sample_preference,50,0.53
preference,projector-interp075,0.75,vision,count,mean_margin,50,0.36812500417232513
preference,projector-interp075,0.75,vision,ocr,paired_preference,50,0.2
preference,projector-interp075,0.75,vision,ocr,sample_preference,50,0.6
preference,projector-interp075,0.75,vision,ocr,mean_margin,50,0.7549968341418675
preference,projector-interp075,0.75,vision,shape,paired_preference,50,0.48
preference,projector-interp075,0.75,vision,shape,sample_preference,50,0.74
preference,projector-interp075,0.75,vision,shape,mean_margin,50,5.641562482696027
preference,projector-interp075,0.75,vision,spatial,paired_preference,50,1.0
preference,projector-interp075,0.75,vision,spatial,sample_preference,50,1.0
preference,projector-interp075,0.75,vision,spatial,mean_margin,50,3.1190197297837585
preference,projector-interp100,1.0,paired_counterfactual_image,overall,paired_preference,300,0.016666666666666666
preference,projector-interp100,1.0,paired_counterfactual_image,overall,sample_preference,300,0.245
preference,projector-interp100,1.0,paired_counterfactual_image,overall,mean_margin,300,-2.5322879816515433
preference,projector-interp100,1.0,paired_counterfactual_image,color,paired_preference,50,0.0
preference,projector-interp100,1.0,paired_counterfactual_image,color,sample_preference,50,0.11
preference,projector-interp100,1.0,paired_counterfactual_image,color,mean_margin,50,-3.600000024421606
preference,projector-interp100,1.0,paired_counterfactual_image,coordinate,paired_preference,50,0.0
preference,projector-interp100,1.0,paired_counterfactual_image,coordinate,sample_preference,50,0.23
preference,projector-interp100,1.0,paired_counterfactual_image,coordinate,mean_margin,50,-1.5377499413490296
preference,projector-interp100,1.0,paired_counterfactual_image,count,paired_preference,50,0.1
preference,projector-interp100,1.0,paired_counterfactual_image,count,sample_preference,50,0.48
preference,projector-interp100,1.0,paired_counterfactual_image,count,mean_margin,50,-0.35125000417232516
preference,projector-interp100,1.0,paired_counterfactual_image,ocr,paired_preference,50,0.0
preference,projector-interp100,1.0,paired_counterfactual_image,ocr,sample_preference,50,0.39
preference,projector-interp100,1.0,paired_counterfactual_image,ocr,mean_margin,50,-0.7732174833842685
preference,projector-interp100,1.0,paired_counterfactual_image,shape,paired_preference,50,0.0
preference,projector-interp100,1.0,paired_counterfactual_image,shape,sample_preference,50,0.26
preference,projector-interp100,1.0,paired_counterfactual_image,shape,mean_margin,50,-4.946562510877848
preference,projector-interp100,1.0,paired_counterfactual_image,spatial,paired_preference,50,0.0
preference,projector-interp100,1.0,paired_counterfactual_image,spatial,sample_preference,50,0.0
preference,projector-interp100,1.0,paired_counterfactual_image,spatial,mean_margin,50,-3.984947925704182
preference,projector-interp100,1.0,shuffled_image,overall,paired_preference,300,0.14666666666666667
preference,projector-interp100,1.0,shuffled_image,overall,sample_preference,300,0.44166666666666665
preference,projector-interp100,1.0,shuffled_image,overall,mean_margin,300,-0.30473046509010276
preference,projector-interp100,1.0,shuffled_image,color,paired_preference,50,0.28
preference,projector-interp100,1.0,shuffled_image,color,sample_preference,50,0.51
preference,projector-interp100,1.0,shuffled_image,color,mean_margin,50,0.009999985098838806
preference,projector-interp100,1.0,shuffled_image,coordinate,paired_preference,50,0.16
preference,projector-interp100,1.0,shuffled_image,coordinate,sample_preference,50,0.52
preference,projector-interp100,1.0,shuffled_image,coordinate,mean_margin,50,0.10555765390396118
preference,projector-interp100,1.0,shuffled_image,count,paired_preference,50,0.16
preference,projector-interp100,1.0,shuffled_image,count,sample_preference,50,0.45
preference,projector-interp100,1.0,shuffled_image,count,mean_margin,50,-0.039999998658895496
preference,projector-interp100,1.0,shuffled_image,ocr,paired_preference,50,0.12
preference,projector-interp100,1.0,shuffled_image,ocr,sample_preference,50,0.52
preference,projector-interp100,1.0,shuffled_image,ocr,mean_margin,50,-0.01788814179102578
preference,projector-interp100,1.0,shuffled_image,shape,paired_preference,50,0.16
preference,projector-interp100,1.0,shuffled_image,shape,sample_preference,50,0.52
preference,projector-interp100,1.0,shuffled_image,shape,mean_margin,50,0.41281252628192305
preference,projector-interp100,1.0,shuffled_image,spatial,paired_preference,50,0.0
preference,projector-interp100,1.0,shuffled_image,spatial,sample_preference,50,0.13
preference,projector-interp100,1.0,shuffled_image,spatial,mean_margin,50,-2.2988648153754183
preference,projector-interp100,1.0,vision,overall,paired_preference,300,0.5166666666666667
preference,projector-interp100,1.0,vision,overall,sample_preference,300,0.75
preference,projector-interp100,1.0,vision,overall,mean_margin,300,2.5322879816515433
preference,projector-interp100,1.0,vision,color,paired_preference,50,0.74
preference,projector-interp100,1.0,vision,color,sample_preference,50,0.87
preference,projector-interp100,1.0,vision,color,mean_margin,50,3.600000024421606
preference,projector-interp100,1.0,vision,coordinate,paired_preference,50,0.54
preference,projector-interp100,1.0,vision,coordinate,sample_preference,50,0.77
preference,projector-interp100,1.0,vision,coordinate,mean_margin,50,1.5377499413490296
preference,projector-interp100,1.0,vision,count,paired_preference,50,0.12
preference,projector-interp100,1.0,vision,count,sample_preference,50,0.51
preference,projector-interp100,1.0,vision,count,mean_margin,50,0.35125000417232516
preference,projector-interp100,1.0,vision,ocr,paired_preference,50,0.22
preference,projector-interp100,1.0,vision,ocr,sample_preference,50,0.61
preference,projector-interp100,1.0,vision,ocr,mean_margin,50,0.7732174833842685
preference,projector-interp100,1.0,vision,shape,paired_preference,50,0.48
preference,projector-interp100,1.0,vision,shape,sample_preference,50,0.74
preference,projector-interp100,1.0,vision,shape,mean_margin,50,4.946562510877848
preference,projector-interp100,1.0,vision,spatial,paired_preference,50,1.0
preference,projector-interp100,1.0,vision,spatial,sample_preference,50,1.0
preference,projector-interp100,1.0,vision,spatial,mean_margin,50,3.984947925704182
generation,frozen-base,,paired_counterfactual_image,overall,generation_paired,300,0.06333333333333334
generation,frozen-base,,paired_counterfactual_image,overall,generation_sample,300,0.21166666666666667
generation,frozen-base,,paired_counterfactual_image,overall,prediction_flip,300,0.37
generation,frozen-base,,paired_counterfactual_image,color,generation_paired,50,0.0
generation,frozen-base,,paired_counterfactual_image,color,generation_sample,50,0.06
generation,frozen-base,,paired_counterfactual_image,color,prediction_flip,50,0.22
generation,frozen-base,,paired_counterfactual_image,coordinate,generation_paired,50,0.0
generation,frozen-base,,paired_counterfactual_image,coordinate,generation_sample,50,0.0
generation,frozen-base,,paired_counterfactual_image,coordinate,prediction_flip,50,0.0
generation,frozen-base,,paired_counterfactual_image,count,generation_paired,50,0.0
generation,frozen-base,,paired_counterfactual_image,count,generation_sample,50,0.08
generation,frozen-base,,paired_counterfactual_image,count,prediction_flip,50,0.3
generation,frozen-base,,paired_counterfactual_image,ocr,generation_paired,50,0.0
generation,frozen-base,,paired_counterfactual_image,ocr,generation_sample,50,0.0
generation,frozen-base,,paired_counterfactual_image,ocr,prediction_flip,50,0.76
generation,frozen-base,,paired_counterfactual_image,shape,generation_paired,50,0.16
generation,frozen-base,,paired_counterfactual_image,shape,generation_sample,50,0.52
generation,frozen-base,,paired_counterfactual_image,shape,prediction_flip,50,0.72
generation,frozen-base,,paired_counterfactual_image,spatial,generation_paired,50,0.22
generation,frozen-base,,paired_counterfactual_image,spatial,generation_sample,50,0.61
generation,frozen-base,,paired_counterfactual_image,spatial,prediction_flip,50,0.22
generation,frozen-base,,vision,overall,generation_paired,300,0.06333333333333334
generation,frozen-base,,vision,overall,generation_sample,300,0.21166666666666667
generation,frozen-base,,vision,overall,prediction_flip,300,0.37
generation,frozen-base,,vision,color,generation_paired,50,0.0
generation,frozen-base,,vision,color,generation_sample,50,0.06
generation,frozen-base,,vision,color,prediction_flip,50,0.22
generation,frozen-base,,vision,coordinate,generation_paired,50,0.0
generation,frozen-base,,vision,coordinate,generation_sample,50,0.0
generation,frozen-base,,vision,coordinate,prediction_flip,50,0.0
generation,frozen-base,,vision,count,generation_paired,50,0.0
generation,frozen-base,,vision,count,generation_sample,50,0.08
generation,frozen-base,,vision,count,prediction_flip,50,0.3
generation,frozen-base,,vision,ocr,generation_paired,50,0.0
generation,frozen-base,,vision,ocr,generation_sample,50,0.0
generation,frozen-base,,vision,ocr,prediction_flip,50,0.76
generation,frozen-base,,vision,shape,generation_paired,50,0.16
generation,frozen-base,,vision,shape,generation_sample,50,0.52
generation,frozen-base,,vision,shape,prediction_flip,50,0.72
generation,frozen-base,,vision,spatial,generation_paired,50,0.22
generation,frozen-base,,vision,spatial,generation_sample,50,0.61
generation,frozen-base,,vision,spatial,prediction_flip,50,0.22
generation,projector-interp000,0.0,paired_counterfactual_image,overall,generation_paired,300,0.22666666666666666
generation,projector-interp000,0.0,paired_counterfactual_image,overall,generation_sample,300,0.37666666666666665
generation,projector-interp000,0.0,paired_counterfactual_image,overall,prediction_flip,300,0.7266666666666667
generation,projector-interp000,0.0,paired_counterfactual_image,color,generation_paired,50,0.14
generation,projector-interp000,0.0,paired_counterfactual_image,color,generation_sample,50,0.37
generation,projector-interp000,0.0,paired_counterfactual_image,color,prediction_flip,50,0.72
generation,projector-interp000,0.0,paired_counterfactual_image,coordinate,generation_paired,50,0.02
generation,projector-interp000,0.0,paired_counterfactual_image,coordinate,generation_sample,50,0.17
generation,projector-interp000,0.0,paired_counterfactual_image,coordinate,prediction_flip,50,0.42
generation,projector-interp000,0.0,paired_counterfactual_image,count,generation_paired,50,0.02
generation,projector-interp000,0.0,paired_counterfactual_image,count,generation_sample,50,0.2
generation,projector-interp000,0.0,paired_counterfactual_image,count,prediction_flip,50,0.76
generation,projector-interp000,0.0,paired_counterfactual_image,ocr,generation_paired,50,0.0
generation,projector-interp000,0.0,paired_counterfactual_image,ocr,generation_sample,50,0.0
generation,projector-interp000,0.0,paired_counterfactual_image,ocr,prediction_flip,50,0.8
generation,projector-interp000,0.0,paired_counterfactual_image,shape,generation_paired,50,0.4
generation,projector-interp000,0.0,paired_counterfactual_image,shape,generation_sample,50,0.63
generation,projector-interp000,0.0,paired_counterfactual_image,shape,prediction_flip,50,0.88
generation,projector-interp000,0.0,paired_counterfactual_image,spatial,generation_paired,50,0.78
generation,projector-interp000,0.0,paired_counterfactual_image,spatial,generation_sample,50,0.89
generation,projector-interp000,0.0,paired_counterfactual_image,spatial,prediction_flip,50,0.78
generation,projector-interp000,0.0,vision,overall,generation_paired,300,0.22666666666666666
generation,projector-interp000,0.0,vision,overall,generation_sample,300,0.37666666666666665
generation,projector-interp000,0.0,vision,overall,prediction_flip,300,0.7266666666666667
generation,projector-interp000,0.0,vision,color,generation_paired,50,0.14
generation,projector-interp000,0.0,vision,color,generation_sample,50,0.37
generation,projector-interp000,0.0,vision,color,prediction_flip,50,0.72
generation,projector-interp000,0.0,vision,coordinate,generation_paired,50,0.02
generation,projector-interp000,0.0,vision,coordinate,generation_sample,50,0.17
generation,projector-interp000,0.0,vision,coordinate,prediction_flip,50,0.42
generation,projector-interp000,0.0,vision,count,generation_paired,50,0.02
generation,projector-interp000,0.0,vision,count,generation_sample,50,0.2
generation,projector-interp000,0.0,vision,count,prediction_flip,50,0.76
generation,projector-interp000,0.0,vision,ocr,generation_paired,50,0.0
generation,projector-interp000,0.0,vision,ocr,generation_sample,50,0.0
generation,projector-interp000,0.0,vision,ocr,prediction_flip,50,0.8
generation,projector-interp000,0.0,vision,shape,generation_paired,50,0.4
generation,projector-interp000,0.0,vision,shape,generation_sample,50,0.63
generation,projector-interp000,0.0,vision,shape,prediction_flip,50,0.88
generation,projector-interp000,0.0,vision,spatial,generation_paired,50,0.78
generation,projector-interp000,0.0,vision,spatial,generation_sample,50,0.89
generation,projector-interp000,0.0,vision,spatial,prediction_flip,50,0.78
generation,projector-interp025,0.25,paired_counterfactual_image,overall,generation_paired,300,0.27
generation,projector-interp025,0.25,paired_counterfactual_image,overall,generation_sample,300,0.41333333333333333
generation,projector-interp025,0.25,paired_counterfactual_image,overall,prediction_flip,300,0.76
generation,projector-interp025,0.25,paired_counterfactual_image,color,generation_paired,50,0.08
generation,projector-interp025,0.25,paired_counterfactual_image,color,generation_sample,50,0.31
generation,projector-interp025,0.25,paired_counterfactual_image,color,prediction_flip,50,0.6
generation,projector-interp025,0.25,paired_counterfactual_image,coordinate,generation_paired,50,0.1
generation,projector-interp025,0.25,paired_counterfactual_image,coordinate,generation_sample,50,0.36
generation,projector-interp025,0.25,paired_counterfactual_image,coordinate,prediction_flip,50,0.62
generation,projector-interp025,0.25,paired_counterfactual_image,count,generation_paired,50,0.0
generation,projector-interp025,0.25,paired_counterfactual_image,count,generation_sample,50,0.12
generation,projector-interp025,0.25,paired_counterfactual_image,count,prediction_flip,50,0.68
generation,projector-interp025,0.25,paired_counterfactual_image,ocr,generation_paired,50,0.0
generation,projector-interp025,0.25,paired_counterfactual_image,ocr,generation_sample,50,0.0
generation,projector-interp025,0.25,paired_counterfactual_image,ocr,prediction_flip,50,0.84
generation,projector-interp025,0.25,paired_counterfactual_image,shape,generation_paired,50,0.44
generation,projector-interp025,0.25,paired_counterfactual_image,shape,generation_sample,50,0.69
generation,projector-interp025,0.25,paired_counterfactual_image,shape,prediction_flip,50,0.82
generation,projector-interp025,0.25,paired_counterfactual_image,spatial,generation_paired,50,1.0
generation,projector-interp025,0.25,paired_counterfactual_image,spatial,generation_sample,50,1.0
generation,projector-interp025,0.25,paired_counterfactual_image,spatial,prediction_flip,50,1.0
generation,projector-interp025,0.25,vision,overall,generation_paired,300,0.27
generation,projector-interp025,0.25,vision,overall,generation_sample,300,0.41333333333333333
generation,projector-interp025,0.25,vision,overall,prediction_flip,300,0.76
generation,projector-interp025,0.25,vision,color,generation_paired,50,0.08
generation,projector-interp025,0.25,vision,color,generation_sample,50,0.31
generation,projector-interp025,0.25,vision,color,prediction_flip,50,0.6
generation,projector-interp025,0.25,vision,coordinate,generation_paired,50,0.1
generation,projector-interp025,0.25,vision,coordinate,generation_sample,50,0.36
generation,projector-interp025,0.25,vision,coordinate,prediction_flip,50,0.62
generation,projector-interp025,0.25,vision,count,generation_paired,50,0.0
generation,projector-interp025,0.25,vision,count,generation_sample,50,0.12
generation,projector-interp025,0.25,vision,count,prediction_flip,50,0.68
generation,projector-interp025,0.25,vision,ocr,generation_paired,50,0.0
generation,projector-interp025,0.25,vision,ocr,generation_sample,50,0.0
generation,projector-interp025,0.25,vision,ocr,prediction_flip,50,0.84
generation,projector-interp025,0.25,vision,shape,generation_paired,50,0.44
generation,projector-interp025,0.25,vision,shape,generation_sample,50,0.69
generation,projector-interp025,0.25,vision,shape,prediction_flip,50,0.82
generation,projector-interp025,0.25,vision,spatial,generation_paired,50,1.0
generation,projector-interp025,0.25,vision,spatial,generation_sample,50,1.0
generation,projector-interp025,0.25,vision,spatial,prediction_flip,50,1.0
generation,projector-interp050,0.5,paired_counterfactual_image,overall,generation_paired,300,0.2833333333333333
generation,projector-interp050,0.5,paired_counterfactual_image,overall,generation_sample,300,0.435
generation,projector-interp050,0.5,paired_counterfactual_image,overall,prediction_flip,300,0.81
generation,projector-interp050,0.5,paired_counterfactual_image,color,generation_paired,50,0.04
generation,projector-interp050,0.5,paired_counterfactual_image,color,generation_sample,50,0.27
generation,projector-interp050,0.5,paired_counterfactual_image,color,prediction_flip,50,0.66
generation,projector-interp050,0.5,paired_counterfactual_image,coordinate,generation_paired,50,0.34
generation,projector-interp050,0.5,paired_counterfactual_image,coordinate,generation_sample,50,0.61
generation,projector-interp050,0.5,paired_counterfactual_image,coordinate,prediction_flip,50,0.86
generation,projector-interp050,0.5,paired_counterfactual_image,count,generation_paired,50,0.02
generation,projector-interp050,0.5,paired_counterfactual_image,count,generation_sample,50,0.13
generation,projector-interp050,0.5,paired_counterfactual_image,count,prediction_flip,50,0.64
generation,projector-interp050,0.5,paired_counterfactual_image,ocr,generation_paired,50,0.0
generation,projector-interp050,0.5,paired_counterfactual_image,ocr,generation_sample,50,0.0
generation,projector-interp050,0.5,paired_counterfactual_image,ocr,prediction_flip,50,0.94
generation,projector-interp050,0.5,paired_counterfactual_image,shape,generation_paired,50,0.3
generation,projector-interp050,0.5,paired_counterfactual_image,shape,generation_sample,50,0.6
generation,projector-interp050,0.5,paired_counterfactual_image,shape,prediction_flip,50,0.76
generation,projector-interp050,0.5,paired_counterfactual_image,spatial,generation_paired,50,1.0
generation,projector-interp050,0.5,paired_counterfactual_image,spatial,generation_sample,50,1.0
generation,projector-interp050,0.5,paired_counterfactual_image,spatial,prediction_flip,50,1.0
generation,projector-interp050,0.5,vision,overall,generation_paired,300,0.2833333333333333
generation,projector-interp050,0.5,vision,overall,generation_sample,300,0.435
generation,projector-interp050,0.5,vision,overall,prediction_flip,300,0.81
generation,projector-interp050,0.5,vision,color,generation_paired,50,0.04
generation,projector-interp050,0.5,vision,color,generation_sample,50,0.27
generation,projector-interp050,0.5,vision,color,prediction_flip,50,0.66
generation,projector-interp050,0.5,vision,coordinate,generation_paired,50,0.34
generation,projector-interp050,0.5,vision,coordinate,generation_sample,50,0.61
generation,projector-interp050,0.5,vision,coordinate,prediction_flip,50,0.86
generation,projector-interp050,0.5,vision,count,generation_paired,50,0.02
generation,projector-interp050,0.5,vision,count,generation_sample,50,0.13
generation,projector-interp050,0.5,vision,count,prediction_flip,50,0.64
generation,projector-interp050,0.5,vision,ocr,generation_paired,50,0.0
generation,projector-interp050,0.5,vision,ocr,generation_sample,50,0.0
generation,projector-interp050,0.5,vision,ocr,prediction_flip,50,0.94
generation,projector-interp050,0.5,vision,shape,generation_paired,50,0.3
generation,projector-interp050,0.5,vision,shape,generation_sample,50,0.6
generation,projector-interp050,0.5,vision,shape,prediction_flip,50,0.76
generation,projector-interp050,0.5,vision,spatial,generation_paired,50,1.0
generation,projector-interp050,0.5,vision,spatial,generation_sample,50,1.0
generation,projector-interp050,0.5,vision,spatial,prediction_flip,50,1.0
generation,projector-interp075,0.75,paired_counterfactual_image,overall,generation_paired,300,0.2733333333333333
generation,projector-interp075,0.75,paired_counterfactual_image,overall,generation_sample,300,0.42833333333333334
generation,projector-interp075,0.75,paired_counterfactual_image,overall,prediction_flip,300,0.8133333333333334
generation,projector-interp075,0.75,paired_counterfactual_image,color,generation_paired,50,0.16
generation,projector-interp075,0.75,paired_counterfactual_image,color,generation_sample,50,0.38
generation,projector-interp075,0.75,paired_counterfactual_image,color,prediction_flip,50,0.74
generation,projector-interp075,0.75,paired_counterfactual_image,coordinate,generation_paired,50,0.34
generation,projector-interp075,0.75,paired_counterfactual_image,coordinate,generation_sample,50,0.61
generation,projector-interp075,0.75,paired_counterfactual_image,coordinate,prediction_flip,50,0.86
generation,projector-interp075,0.75,paired_counterfactual_image,count,generation_paired,50,0.02
generation,projector-interp075,0.75,paired_counterfactual_image,count,generation_sample,50,0.12
generation,projector-interp075,0.75,paired_counterfactual_image,count,prediction_flip,50,0.54
generation,projector-interp075,0.75,paired_counterfactual_image,ocr,generation_paired,50,0.0
generation,projector-interp075,0.75,paired_counterfactual_image,ocr,generation_sample,50,0.0
generation,projector-interp075,0.75,paired_counterfactual_image,ocr,prediction_flip,50,1.0
generation,projector-interp075,0.75,paired_counterfactual_image,shape,generation_paired,50,0.12
generation,projector-interp075,0.75,paired_counterfactual_image,shape,generation_sample,50,0.46
generation,projector-interp075,0.75,paired_counterfactual_image,shape,prediction_flip,50,0.74
generation,projector-interp075,0.75,paired_counterfactual_image,spatial,generation_paired,50,1.0
generation,projector-interp075,0.75,paired_counterfactual_image,spatial,generation_sample,50,1.0
generation,projector-interp075,0.75,paired_counterfactual_image,spatial,prediction_flip,50,1.0
generation,projector-interp075,0.75,vision,overall,generation_paired,300,0.2733333333333333
generation,projector-interp075,0.75,vision,overall,generation_sample,300,0.42833333333333334
generation,projector-interp075,0.75,vision,overall,prediction_flip,300,0.8133333333333334
generation,projector-interp075,0.75,vision,color,generation_paired,50,0.16
generation,projector-interp075,0.75,vision,color,generation_sample,50,0.38
generation,projector-interp075,0.75,vision,color,prediction_flip,50,0.74
generation,projector-interp075,0.75,vision,coordinate,generation_paired,50,0.34
generation,projector-interp075,0.75,vision,coordinate,generation_sample,50,0.61
generation,projector-interp075,0.75,vision,coordinate,prediction_flip,50,0.86
generation,projector-interp075,0.75,vision,count,generation_paired,50,0.02
generation,projector-interp075,0.75,vision,count,generation_sample,50,0.12
generation,projector-interp075,0.75,vision,count,prediction_flip,50,0.54
generation,projector-interp075,0.75,vision,ocr,generation_paired,50,0.0
generation,projector-interp075,0.75,vision,ocr,generation_sample,50,0.0
generation,projector-interp075,0.75,vision,ocr,prediction_flip,50,1.0
generation,projector-interp075,0.75,vision,shape,generation_paired,50,0.12
generation,projector-interp075,0.75,vision,shape,generation_sample,50,0.46
generation,projector-interp075,0.75,vision,shape,prediction_flip,50,0.74
generation,projector-interp075,0.75,vision,spatial,generation_paired,50,1.0
generation,projector-interp075,0.75,vision,spatial,generation_sample,50,1.0
generation,projector-interp075,0.75,vision,spatial,prediction_flip,50,1.0
generation,projector-interp100,1.0,paired_counterfactual_image,overall,generation_paired,300,0.25666666666666665
generation,projector-interp100,1.0,paired_counterfactual_image,overall,generation_sample,300,0.41
generation,projector-interp100,1.0,paired_counterfactual_image,overall,prediction_flip,300,0.7966666666666666
generation,projector-interp100,1.0,paired_counterfactual_image,color,generation_paired,50,0.16
generation,projector-interp100,1.0,paired_counterfactual_image,color,generation_sample,50,0.38
generation,projector-interp100,1.0,paired_counterfactual_image,color,prediction_flip,50,0.7
generation,projector-interp100,1.0,paired_counterfactual_image,coordinate,generation_paired,50,0.24
generation,projector-interp100,1.0,paired_counterfactual_image,coordinate,generation_sample,50,0.51
generation,projector-interp100,1.0,paired_counterfactual_image,coordinate,prediction_flip,50,0.88
generation,projector-interp100,1.0,paired_counterfactual_image,count,generation_paired,50,0.02
generation,projector-interp100,1.0,paired_counterfactual_image,count,generation_sample,50,0.11
generation,projector-interp100,1.0,paired_counterfactual_image,count,prediction_flip,50,0.68
generation,projector-interp100,1.0,paired_counterfactual_image,ocr,generation_paired,50,0.0
generation,projector-interp100,1.0,paired_counterfactual_image,ocr,generation_sample,50,0.0
generation,projector-interp100,1.0,paired_counterfactual_image,ocr,prediction_flip,50,0.96
generation,projector-interp100,1.0,paired_counterfactual_image,shape,generation_paired,50,0.12
generation,projector-interp100,1.0,paired_counterfactual_image,shape,generation_sample,50,0.46
generation,projector-interp100,1.0,paired_counterfactual_image,shape,prediction_flip,50,0.56
generation,projector-interp100,1.0,paired_counterfactual_image,spatial,generation_paired,50,1.0
generation,projector-interp100,1.0,paired_counterfactual_image,spatial,generation_sample,50,1.0
generation,projector-interp100,1.0,paired_counterfactual_image,spatial,prediction_flip,50,1.0
generation,projector-interp100,1.0,vision,overall,generation_paired,300,0.25666666666666665
generation,projector-interp100,1.0,vision,overall,generation_sample,300,0.41
generation,projector-interp100,1.0,vision,overall,prediction_flip,300,0.7966666666666666
generation,projector-interp100,1.0,vision,color,generation_paired,50,0.16
generation,projector-interp100,1.0,vision,color,generation_sample,50,0.38
generation,projector-interp100,1.0,vision,color,prediction_flip,50,0.7
generation,projector-interp100,1.0,vision,coordinate,generation_paired,50,0.24
generation,projector-interp100,1.0,vision,coordinate,generation_sample,50,0.51
generation,projector-interp100,1.0,vision,coordinate,prediction_flip,50,0.88
generation,projector-interp100,1.0,vision,count,generation_paired,50,0.02
generation,projector-interp100,1.0,vision,count,generation_sample,50,0.11
generation,projector-interp100,1.0,vision,count,prediction_flip,50,0.68
generation,projector-interp100,1.0,vision,ocr,generation_paired,50,0.0
generation,projector-interp100,1.0,vision,ocr,generation_sample,50,0.0
generation,projector-interp100,1.0,vision,ocr,prediction_flip,50,0.96
generation,projector-interp100,1.0,vision,shape,generation_paired,50,0.12
generation,projector-interp100,1.0,vision,shape,generation_sample,50,0.46
generation,projector-interp100,1.0,vision,shape,prediction_flip,50,0.56
generation,projector-interp100,1.0,vision,spatial,generation_paired,50,1.0
generation,projector-interp100,1.0,vision,spatial,generation_sample,50,1.0
generation,projector-interp100,1.0,vision,spatial,prediction_flip,50,1.0
